reaction_id,gene_id
r_0001,YJR048W
r_0001,YDL174C
r_0001,YEL039C
r_0001,YEL071W
r_0002,YJR048W
r_0002,YEL039C
r_0002,YDL178W
r_0003,YAL060W
r_0004,YJR048W
r_0004,YML054C
r_0004,YEL039C
r_0005,YPR165W
r_0005,YMR306W
r_0005,YLR342W
r_0005,YGR032W
r_0006,YPR159W
r_0006,YGR143W
r_0007,YIL020C
r_0012,YHR037W
r_0013,YMR009W
r_0013,YEL038W
r_0014,YOL066C
r_0015,YBR153W
r_0016,YMR108W
r_0016,YCL009C
r_0017,YNL256W
r_0018,YJL060W
r_0018,YER152C
r_0018,YGL202W
r_0019,YHR063C
r_0020,YDR035W
r_0020,YBR249C
r_0021,YDR204W
r_0021,YLR201C
r_0021,YOR125C
r_0021,YML110C
r_0021,YOL096C
r_0021,YGR255C
r_0022,YDR204W
r_0022,YLR201C
r_0022,YOR125C
r_0022,YML110C
r_0022,YOL096C
r_0022,YGR255C
r_0023,YGL009C
r_0024,YNL104C
r_0024,YOR108W
r_0025,YNL104C
r_0026,YHR137W
r_0026,YHR208W
r_0026,YGL202W
r_0026,YJR148W
r_0027,YDR234W
r_0028,YPR001W
r_0032,YOL064C
r_0033,YOR360C
r_0033,YGL248W
r_0034,YOR360C
r_0035,YOR360C
r_0036,YOR360C
r_0037,YOR360C
r_0038,YDR487C
r_0039,YDR127W
r_0040,YDR127W
r_0041,YBR265W
r_0042,YDR035W
r_0042,YBR249C
r_0043,YPL252C
r_0043,YDR376W
r_0044,YDR539W
r_0044,YDR538W
r_0045,YLR231C
r_0057,YKR009C
r_0058,YJR025C
r_0059,YER175C
r_0060,YGL009C
r_0061,YCL018W
r_0062,YGR087C
r_0062,YLR044C
r_0062,YLR134W
r_0063,YBR176W
r_0064,YGR087C
r_0064,YDL080C
r_0064,YLR044C
r_0064,YLR134W
r_0065,YDR127W
r_0066,YNR033W
r_0067,YMR289W
r_0068,YGR019W
r_0069,YCR053W
r_0072,YDL080C
r_0073,YOR163W
r_0073,YLR410W
r_0074,YDR017C
r_0075,YLR017W
r_0076,YGL224C
r_0076,YER037W
r_0077,YOR155C
r_0078,YGL224C
r_0078,YER037W
r_0079,YGR061C
r_0080,YGL125W
r_0080,YPL023C
r_0081,YDR232W
r_0082,YOR163W
r_0083,YDR017C
r_0084,YER183C
r_0085,YER091C
r_0086,YJR024C
r_0087,YPR118W
r_0088,YLR410W
r_0089,YLR410W
r_0090,YOL136C
r_0090,YIL107C
r_0091,YGR248W
r_0091,YHR163W
r_0092,YOR163W
r_0092,YLR410W
r_0093,YDR017C
r_0095,YGR087C
r_0095,YLR044C
r_0095,YLR134W
r_0096,YLR355C
r_0097,YMR108W
r_0097,YCL009C
r_0099,YKL192C
r_0100,YIL160C
r_0101,YIL160C
r_0102,YIL160C
r_0103,YPL028W
r_0104,YPL028W
r_0105,YIL160C
r_0106,YIL160C
r_0107,YIL160C
r_0108,YMR207C
r_0109,YNR016C
r_0109,YDL141W
r_0111,YBL015W
r_0112,YAL054C
r_0112,YLR153C
r_0113,YAL054C
r_0114,YLR153C
r_0115,YER069W
r_0116,YBR093C
r_0116,YBR092C
r_0116,YHR215W
r_0116,YAR071W
r_0117,YPR002W
r_0118,YOL140W
r_0119,YPL148C
r_0120,YGL205W
r_0121,YGL205W
r_0122,YGL205W
r_0123,YGL205W
r_0124,YGL205W
r_0125,YGL205W
r_0126,YCR048W
r_0127,YNR019W
r_0127,YCR048W
r_0128,YCR048W
r_0129,YCR048W
r_0130,YCR048W
r_0131,YCR048W
r_0132,YNR019W
r_0132,YCR048W
r_0133,YCR048W
r_0134,YCR048W
r_0135,YCR048W
r_0137,YJL091C
r_0138,YNL141W
r_0139,YML022W
r_0139,YDR441C
r_0140,YNL141W
r_0142,YJR105W
r_0143,YML035C
r_0144,YER043C
r_0145,YOL052C
r_0146,YNR058W
r_0147,YJL005W
r_0148,YDR226W
r_0148,YDL166C
r_0149,YER170W
r_0150,YER170W
r_0151,YLR359W
r_0152,YLR359W
r_0153,YNL220W
r_0154,YKL001C
r_0155,YGR247W
r_0156,YFL030W
r_0157,YOR335C
r_0158,YGR177C
r_0158,YOR377W
r_0159,YGR177C
r_0159,YOR377W
r_0160,YGR177C
r_0160,YOR377W
r_0161,YGR177C
r_0161,YOR377W
r_0162,YGR177C
r_0162,YOR377W
r_0163,YMR303C
r_0164,YDR368W
r_0164,YHR104W
r_0165,YMR083W
r_0165,YGL256W
r_0166,YDL168W
r_0166,YOL086C
r_0166,YBR145W
r_0167,YMR083W
r_0167,YGL256W
r_0168,YCR105W
r_0168,YMR318C
r_0168,YDR368W
r_0169,YDL168W
r_0169,YOL086C
r_0169,YBR145W
r_0170,YMR083W
r_0170,YGL256W
r_0171,YCR105W
r_0171,YMR318C
r_0172,YMR170C
r_0172,YMR169C
r_0172,YMR110C
r_0173,YPL061W
r_0174,YOR374W
r_0175,YOR374W
r_0175,YER073W
r_0176,YOR374W
r_0177,YPL061W
r_0178,YOR374W
r_0178,YER073W
r_0179,YDL168W
r_0179,YOL086C
r_0179,YBR145W
r_0180,YMR083W
r_0180,YGL256W
r_0181,YCR105W
r_0181,YMR318C
r_0182,YDL168W
r_0182,YOL086C
r_0182,YBR145W
r_0183,YMR083W
r_0183,YGL256W
r_0184,YCR105W
r_0184,YMR318C
r_0185,YMR170C
r_0185,YMR169C
r_0186,YDL168W
r_0186,YOL086C
r_0186,YBR145W
r_0187,YMR083W
r_0187,YGL256W
r_0188,YDR481C
r_0189,YIR029W
r_0190,YIR027C
r_0191,YBR208C
r_0192,YOR099W
r_0192,YNL029C
r_0192,YJL139C
r_0192,YDR483W
r_0192,YBR205W
r_0192,YBR199W
r_0192,YPL053C
r_0192,YKR061W
r_0193,YPR026W
r_0193,YBR001C
r_0194,YDR001C
r_0195,YBR126C
r_0195,YDR074W
r_0195,YMR261C
r_0195,YML100W
r_0198,YJL216C
r_0198,YGR292W
r_0198,YGR287C
r_0198,YJL221C
r_0198,YIL172C
r_0198,YBR299W
r_0199,YDR242W
r_0199,YMR293C
r_0201,YOR374W
r_0202,YDR354W
r_0203,YER090W
r_0203,YKL211C
r_0204,YDR305C
r_0205,YHR104W
r_0206,YPL111W
r_0207,YHR018C
r_0208,YOL058W
r_0209,YDR341C
r_0210,YHR091C
r_0211,YPR145W
r_0211,YGR124W
r_0212,YHR019C
r_0213,YCR024C
r_0214,YJL130C
r_0215,YER052C
r_0216,YLR027C
r_0217,YKL106W
r_0218,YLR027C
r_0219,YDR158W
r_0220,YLL018C
r_0221,YPL104W
r_0222,YDR530C
r_0223,YCL050C
r_0224,YCL050C
r_0225,YER055C
r_0226,YPL078C
r_0226,YKL016C
r_0226,Q0130
r_0226,YOL077W-A
r_0226,YLR295C
r_0226,Q0080
r_0226,YPR020W
r_0226,YBR039W
r_0226,Q0085
r_0226,YDR298C
r_0226,YML081C-A
r_0226,YPL271W
r_0226,YDL004W
r_0226,YDR322C-A
r_0226,YJR121W
r_0226,YDR377W
r_0226,YBL099W
r_0227,YER005W
r_0227,YPL036W
r_0227,YEL017C-A
r_0227,YCR024C-A
r_0227,YGL008C
r_0228,YBR110W
r_0229,YGR286C
r_0230,YDL141W
r_0231,YNL280C
r_0233,YMR015C
r_0234,YGL001C
r_0235,YGL001C
r_0236,YLR100W
r_0237,YLR100W
r_0238,YGR060W
r_0239,YGR060W
r_0240,YGR060W
r_0241,YGR060W
r_0242,YLR056W
r_0243,YMR202W
r_0244,YGL012W
r_0249,YKL019W
r_0249,YDL090C
r_0250,YJL130C
r_0250,YJR109C
r_0250,YOR303W
r_0252,YER024W
r_0252,YAR035W
r_0253,YML042W
r_0254,YML042W
r_0255,YGR088W
r_0256,YDR256C
r_0259,YDR297W
r_0260,YMR272C
r_0261,YDR297W
r_0262,YMR272C
r_0263,YHL003C
r_0263,YKL008C
r_0263,YMR298W
r_0264,YHL003C
r_0264,YKL008C
r_0264,YMR298W
r_0265,YHL003C
r_0265,YKL008C
r_0265,YMR298W
r_0266,YHL003C
r_0266,YKL008C
r_0266,YMR298W
r_0267,YMR272C
r_0268,YMR272C
r_0269,YMR272C
r_0270,YMR272C
r_0271,YLR307W
r_0271,YLR308W
r_0272,YBR023C
r_0272,YBR038W
r_0272,YNL192W
r_0273,YLR133W
r_0274,YGR202C
r_0278,YPR060C
r_0279,YGL148W
r_0280,YLR304C
r_0281,YMR101C
r_0281,YBR002C
r_0282,YMR101C
r_0282,YBR002C
r_0283,YMR101C
r_0283,YBR002C
r_0284,YMR101C
r_0284,YBR002C
r_0285,YMR101C
r_0285,YBR002C
r_0286,YMR101C
r_0286,YBR002C
r_0287,YMR101C
r_0287,YBR002C
r_0288,YMR101C
r_0288,YBR002C
r_0289,YMR101C
r_0289,YBR002C
r_0290,YMR101C
r_0290,YBR002C
r_0291,YMR101C
r_0291,YBR002C
r_0292,YMR101C
r_0292,YBR002C
r_0293,YMR101C
r_0293,YBR002C
r_0294,YMR101C
r_0294,YBR002C
r_0295,YMR101C
r_0295,YBR002C
r_0296,YMR101C
r_0296,YBR002C
r_0297,YMR101C
r_0297,YBR002C
r_0298,YMR101C
r_0298,YBR002C
r_0299,YMR101C
r_0299,YBR002C
r_0300,YPR001W
r_0300,YNR001C
r_0301,YCR005C
r_0302,YLR304C
r_0303,YLR304C
r_0304,YDR044W
r_0306,YJR103W
r_0306,YBL039C
r_0307,YJR103W
r_0307,YBL039C
r_0308,YGL184C
r_0308,YFR055W
r_0309,YGR155W
r_0310,YAL012W
r_0311,YJR130C
r_0312,YLR303W
r_0313,YNL247W
r_0314,YLR245C
r_0315,YNR012W
r_0317,YHR042W
r_0317,YHR007C
r_0318,YPR062W
r_0319,YML086C
r_0320,YMR041C
r_0321,YBR149W
r_0322,YKL060C
r_0323,YDL246C
r_0323,YJR159W
r_0326,YHR144C
r_0327,YHR144C
r_0328,YNL141W
r_0329,YLR245C
r_0330,YDR454C
r_0331,YHR068W
r_0332,YCR036W
r_0334,YDR196C
r_0335,YNR057C
r_0340,YPL087W
r_0341,YPL087W
r_0342,YPL087W
r_0343,YPL087W
r_0344,YOR236W
r_0345,YOR236W
r_0346,YMR113W
r_0347,YNL256W
r_0348,YDL100C
r_0349,YLR420W
r_0350,YNL256W
r_0351,YNL256W
r_0352,YJR016C
r_0353,YJR016C
r_0354,YML070W
r_0354,YFL053W
r_0355,YJL167W
r_0356,YKL152C
r_0357,YOR163W
r_0358,YDR017C
r_0359,YLR172C
r_0360,YMR013C
r_0361,YPR183W
r_0362,YJR143C
r_0362,YDL095W
r_0362,YDL093W
r_0362,YAL023C
r_0362,YOR321W
r_0363,YJR057W
r_0364,YBR252W
r_0364,YJR069C
r_0365,YJR153W
r_0366,YOR393W
r_0366,YHR174W
r_0366,YGR254W
r_0366,YMR323W
r_0366,YPL281C
r_0368,YDR147W
r_0368,YLR133W
r_0369,YOR126C
r_0370,YGR282C
r_0370,YDR261C
r_0370,YLR300W
r_0370,YNR067C
r_0370,YOR190W
r_0373,YPL069C
r_0399,YER015W
r_0400,YER015W
r_0402,YER015W
r_0410,YER015W
r_0412,YER015W
r_0436,YOR176W
r_0437,YJR048W
r_0437,YEL039C
r_0437,YKR066C
r_0438,YGL191W
r_0438,YLR038C
r_0438,YDL067C
r_0438,YNL052W
r_0438,Q0275
r_0438,YJR048W
r_0438,YIL111W
r_0438,Q0045
r_0438,YHR116W
r_0438,YJL003W
r_0438,YPL132W
r_0438,YGL187C
r_0438,YMR256C
r_0438,YDR231C
r_0438,YLL018C-A
r_0438,YLR395C
r_0438,YGR062C
r_0438,Q0250
r_0438,YHR051W
r_0438,YEL039C
r_0439,YBL045C
r_0439,YEL024W
r_0439,YGR183C
r_0439,YJL166W
r_0439,YJR048W
r_0439,Q0105
r_0439,YPR191W
r_0439,YFR033C
r_0439,YOR065W
r_0439,YEL039C
r_0439,YHR001W-A
r_0439,YDR529C
r_0440,YDL045C
r_0441,YLR011W
r_0442,YLR011W
r_0443,YDL168W
r_0445,YOR388C
r_0446,YGR204W
r_0447,YBR084W
r_0448,YJL155C
r_0448,YLR345W
r_0449,YLR377C
r_0450,YKL060C
r_0451,YPL262W
r_0452,YPL262W
r_0453,YKL216W
r_0454,YEL047C
r_0455,YEL047C
r_0457,YLR299W
r_0458,YBR020W
r_0459,YBR018C
r_0460,YJL101C
r_0462,YJL167W
r_0463,YPR184W
r_0464,YIL099W
r_0466,YNL241C
r_0467,YBR196C
r_0468,YDR300C
r_0469,YMR250W
r_0470,YDL215C
r_0471,YAL062W
r_0471,YOR375C
r_0472,YDL171C
r_0473,YOR323C
r_0475,YFL060C
r_0475,YNL334C
r_0476,YPR035W
r_0477,YKL104C
r_0477,YMR084W
r_0478,YOR168W
r_0479,YGL245W
r_0480,YOL033W
r_0481,YCL035C
r_0481,YPL091W
r_0481,YER174C
r_0481,YDR513W
r_0481,YDR098C
r_0482,YPL091W
r_0482,YPL059W
r_0483,YCL035C
r_0483,YNL229C
r_0483,YBR244W
r_0483,YIR037W
r_0483,YDR513W
r_0483,YKL026C
r_0484,YPL059W
r_0485,YOL049W
r_0486,YJL052W
r_0486,YGR192C
r_0486,YJR009C
r_0487,YOR120W
r_0488,YHL032C
r_0489,YER062C
r_0489,YIL053W
r_0490,YIL155C
r_0491,YOL059W
r_0491,YDL022W
r_0492,YOL059W
r_0497,YPL110C
r_0499,YDR408C
r_0501,YDR019C
r_0501,YAL044C
r_0501,YMR189W
r_0501,YFL018C
r_0502,YLR058C
r_0503,YBR263W
r_0504,YDR019C
r_0504,YAL044C
r_0504,YMR189W
r_0504,YFL018C
r_0505,YDR148C
r_0505,YDR019C
r_0505,YMR189W
r_0505,YAL044C
r_0505,YIL125W
r_0505,YFL018C
r_0506,YDR019C
r_0506,YAL044C
r_0506,YMR189W
r_0506,YFL018C
r_0507,YDR019C
r_0507,YAL044C
r_0507,YMR189W
r_0507,YFL018C
r_0508,YDR019C
r_0508,YAL044C
r_0508,YMR189W
r_0508,YFL018C
r_0509,YDR019C
r_0509,YAL044C
r_0509,YMR189W
r_0509,YFL018C
r_0510,YJL137C
r_0510,YLR258W
r_0510,YKR058W
r_0510,YFR015C
r_0511,YPR160W
r_0512,YBR121C
r_0512,YPR081C
r_0514,YMR217W
r_0518,YMR281W
r_0519,YCL052C
r_0519,YJR013W
r_0520,YKL165C
r_0521,YBR004C
r_0522,YGL142C
r_0523,YLL031C
r_0523,YDR302W
r_0524,YGR267C
r_0525,YBL033C
r_0526,YDL238C
r_0527,YDR399W
r_0528,YDR454C
r_0529,YDR454C
r_0530,YPL252C
r_0530,YER141W
r_0530,YDR376W
r_0531,YPL172C
r_0532,YDR204W
r_0532,YLR201C
r_0532,YOR125C
r_0532,YML110C
r_0532,YOL096C
r_0532,YGR255C
r_0533,YGL253W
r_0533,YLR446W
r_0533,YFR053C
r_0534,YCL040W
r_0534,YGL253W
r_0534,YLR446W
r_0534,YDR516C
r_0534,YFR053C
r_0535,YGL253W
r_0535,YLR446W
r_0535,YFR053C
r_0536,YCL030C
r_0537,YFR025C
r_0538,YIL116W
r_0539,YPR033C
r_0540,YPR033C
r_0541,YBR034C
r_0542,YJL200C
r_0542,YDR234W
r_0543,YDL182W
r_0543,YDL131W
r_0544,YLL062C
r_0544,YPL273W
r_0545,YIL094C
r_0546,YJR139C
r_0547,YJR139C
r_0548,YHR025W
r_0549,YNL277W
r_0550,YGR209C
r_0550,YLR043C
r_0550,YDR453C
r_0551,YCR083W
r_0551,YBL064C
r_0552,YGR209C
r_0552,YLR043C
r_0552,YLR109W
r_0553,YDR272W
r_0554,YOR040W
r_0555,YNR041C
r_0556,YPL214C
r_0557,YDL205C
r_0558,YLR450W
r_0558,YML075C
r_0559,YML126C
r_0560,YML126C
r_0561,YPL258C
r_0561,YPR121W
r_0561,YOL055C
r_0562,YDR399W
r_0563,YBR248C
r_0564,YOR202W
r_0565,YLR432W
r_0565,YML056C
r_0565,YHR216W
r_0566,YKL211C
r_0567,YGR087C
r_0567,YLR044C
r_0567,YLR134W
r_0568,YBR011C
r_0569,YMR267W
r_0570,YMR120C
r_0570,YLR028C
r_0571,YDR315C
r_0572,YDR173C
r_0573,YDR173C
r_0574,YDR173C
r_0575,YDR173C
r_0596,YER019W
r_0597,YER019W
r_0598,YER019W
r_0599,YER019W
r_0600,YER019W
r_0601,YER019W
r_0602,YER019W
r_0603,YER019W
r_0604,YER019W
r_0605,YER019W
r_0606,YER019W
r_0607,YER019W
r_0608,YER019W
r_0609,YER019W
r_0610,YER019W
r_0611,YER019W
r_0612,YER019W
r_0613,YER019W
r_0614,YER019W
r_0615,YER019W
r_0616,YER019W
r_0617,YER019W
r_0618,YER019W
r_0619,YER019W
r_0620,YER019W
r_0621,YER019W
r_0622,YER019W
r_0623,YER019W
r_0624,YER019W
r_0625,YER019W
r_0626,YER019W
r_0627,YER019W
r_0628,YER019W
r_0629,YER019W
r_0630,YER019W
r_0631,YER019W
r_0632,YER019W
r_0633,YER019W
r_0634,YER019W
r_0635,YER019W
r_0636,YER019W
r_0637,YER019W
r_0638,YER019W
r_0639,YER019W
r_0640,YER019W
r_0641,YER019W
r_0642,YER019W
r_0643,YER019W
r_0644,YER019W
r_0645,YER019W
r_0646,YER019W
r_0647,YER019W
r_0648,YER019W
r_0649,YER019W
r_0650,YER019W
r_0651,YER019W
r_0652,YER019W
r_0653,YER019W
r_0654,YER019W
r_0655,YER019W
r_0656,YOR126C
r_0657,YOR126C
r_0658,YNL037C
r_0658,YOR136W
r_0659,YLR174W
r_0661,YNL009W
r_0662,YER065C
r_0663,YJR148W
r_0664,YHR208W
r_0665,YBL076C
r_0666,YPL040C
r_0667,YPL117C
r_0668,YOR142W
r_0668,YGR244C
r_0669,YLR355C
r_0670,YLR231C
r_0671,YBL098W
r_0672,YHR037W
r_0673,YHR037W
r_0674,YLR089C
r_0675,YEL046C
r_0676,YMR226C
r_0678,YBR115C
r_0678,YGL154C
r_0679,YDR321W
r_0680,YLR155C
r_0680,YLR160C
r_0680,YLR157C
r_0680,YLR158C
r_0681,YLR027C
r_0682,YKL106W
r_0683,YLR027C
r_0687,YER023W
r_0688,YHR104W
r_0688,YOL151W
r_0689,YCL064C
r_0690,YMR226C
r_0691,YJR159W
r_0692,YCL064C
r_0693,YER086W
r_0694,YJR078W
r_0695,YDR403W
r_0696,YOL151W
r_0697,YML004C
r_0698,YHR072W
r_0699,YJR148W
r_0700,YHR208W
r_0701,YPL160W
r_0702,YLR382C
r_0703,YNL045W
r_0704,YNL045W
r_0705,YNL045W
r_0706,YNL045W
r_0707,YNL045W
r_0708,YNL045W
r_0711,YDR037W
r_0712,YNL073W
r_0713,YKL085W
r_0714,YOL126C
r_0715,YDL078C
r_0716,YNL117W
r_0716,YIR031C
r_0717,YNL117W
r_0718,YKL029C
r_0719,YKL029C
r_0721,YOR221C
r_0721,YKL192C
r_0722,YDL055C
r_0723,YER003C
r_0724,YBR084W
r_0725,YGR204W
r_0726,YLR180W
r_0726,YDR502C
r_0727,YER091C
r_0728,YBL013W
r_0729,YGR264C
r_0730,YGR171C
r_0731,YKR080W
r_0732,YGR204W
r_0733,YBR084W
r_0734,YPR006C
r_0735,YMR208W
r_0736,YMR208W
r_0737,YMR208W
r_0738,YMR208W
r_0739,YNR043W
r_0747,YBR161W
r_0747,YBR036C
r_0747,YPL057C
r_0748,YBR161W
r_0748,YBR036C
r_0748,YPL057C
r_0749,YBR161W
r_0749,YBR036C
r_0749,YPL057C
r_0750,YBR161W
r_0750,YBR036C
r_0750,YPL057C
r_0751,YBR161W
r_0751,YBR036C
r_0751,YPL057C
r_0752,YBR161W
r_0752,YBR036C
r_0752,YPL057C
r_0753,YBR161W
r_0753,YBR036C
r_0753,YPL057C
r_0754,YBR161W
r_0754,YBR036C
r_0754,YPL057C
r_0755,YBR161W
r_0755,YBR036C
r_0755,YPL057C
r_0756,YBR161W
r_0756,YBR036C
r_0756,YPL057C
r_0757,YHR046C
r_0757,YDR287W
r_0758,YJL153C
r_0759,YER069W
r_0760,YFL017C
r_0761,YMR062C
r_0761,YJL071W
r_0762,YDR428C
r_0763,YDR403W
r_0763,YDR402C
r_0764,YGL067W
r_0765,YEL041W
r_0765,YJR049C
r_0766,YPL188W
r_0766,YEL041W
r_0766,YJR049C
r_0767,YDR191W
r_0767,YOR025W
r_0767,YOL068C
r_0767,YPL015C
r_0767,YDL042C
r_0768,YHR074W
r_0769,YHR074W
r_0770,YDL085W
r_0770,YMR145C
r_0771,YEL041W
r_0771,YJR049C
r_0772,YPL188W
r_0772,YEL041W
r_0772,YJR049C
r_0773,YML120C
r_0774,YOR209C
r_0775,YOR209C
r_0781,YGL037C
r_0782,YLR285W
r_0783,YLR328W
r_0783,YCL047C
r_0784,YGR010W
r_0784,YLR328W
r_0785,YGR010W
r_0785,YLR328W
r_0786,YFR047C
r_0787,YFR047C
r_0788,YER005W
r_0789,YER005W
r_0790,YER005W
r_0791,YEL042W
r_0792,YER005W
r_0793,YER005W
r_0795,YKL067W
r_0796,YKL067W
r_0797,YKL067W
r_0798,YKL067W
r_0799,YKL067W
r_0800,YKL067W
r_0801,YKL067W
r_0802,YKL067W
r_0803,YKL067W
r_0804,YLL001W
r_0804,YER005W
r_0804,YAL035W
r_0805,YER005W
r_0806,YER005W
r_0807,YER005W
r_0810,YEL042W
r_0811,YKL067W
r_0812,YLR303W
r_0813,YLR303W
r_0815,YLL058W
r_0815,YML082W
r_0815,YAL012W
r_0816,YJL088W
r_0817,YKL184W
r_0818,YMR062C
r_0819,YLR438W
r_0820,YML106W
r_0820,YMR271C
r_0821,YEL021W
r_0831,YDR148C
r_0831,YIL125W
r_0831,YFR049W
r_0831,YFL018C
r_0832,YDR148C
r_0832,YIL125W
r_0832,YFR049W
r_0832,YFL018C
r_0841,YGR277C
r_0842,YDR531W
r_0843,YIL145C
r_0844,YJR019C
r_0845,YJR019C
r_0847,YJR019C
r_0848,YJR019C
r_0849,YJR019C
r_0850,YJR019C
r_0851,YGL202W
r_0852,YFL022C
r_0852,YLR060W
r_0853,YPR047W
r_0854,YDR380W
r_0855,YGL234W
r_0882,YEL058W
r_0883,YLR043C
r_0883,YGR209C
r_0883,YPR167C
r_0884,YKR097W
r_0885,YGR007W
r_0886,YGR240C
r_0886,YMR205C
r_0887,YGR240C
r_0887,YMR205C
r_0888,YMR105C
r_0888,YKL127W
r_0889,YGR256W
r_0889,YHR183W
r_0890,YEL058W
r_0891,YER081W
r_0891,YIL074C
r_0892,YCR012W
r_0893,YKL152C
r_0893,YOR283W
r_0902,YFL045C
r_0903,YPL258C
r_0903,YPR121W
r_0903,YOL055C
r_0904,YMR220W
r_0905,YIL083C
r_0906,YOR054C
r_0906,YKL088W
r_0906,YKR072C
r_0907,YMR105C
r_0907,YKL127W
r_0907,YMR278W
r_0908,YAR015W
r_0909,YCL030C
r_0910,YCL030C
r_0911,YOR128C
r_0912,YMR120C
r_0912,YLR028C
r_0913,YDR007W
r_0914,YGL234W
r_0915,YMR300C
r_0916,YOL061W
r_0916,YKL181W
r_0916,YHL011C
r_0916,YER099C
r_0916,YBL068W
r_0917,YGR208W
r_0918,YOR184W
r_0919,YBR183W
r_0920,YDR402C
r_0921,YDR294C
r_0922,YDR297W
r_0929,YMR020W
r_0935,YGL040C
r_0936,YMR020W
r_0937,YMR020W
r_0938,YNL316C
r_0939,YBR166C
r_0940,YLR142W
r_0941,YHR020W
r_0942,YER014W
r_0943,YLR209C
r_0949,YLR209C
r_0950,YLR209C
r_0951,YLR209C
r_0953,YBR035C
r_0954,YBR035C
r_0955,YBR035C
r_0956,YBR035C
r_0957,YER023W
r_0958,YBR218C
r_0958,YGL062W
r_0959,YGR087C
r_0959,YLR044C
r_0959,YLR134W
r_0960,YGR087C
r_0960,YLR044C
r_0960,YLR134W
r_0961,YGR193C
r_0961,YER178W
r_0961,YBR221C
r_0961,YNL071W
r_0961,YFL018C
r_0962,YOR347C
r_0962,YAL038W
r_0963,YDR204W
r_0963,YLR201C
r_0963,YOR125C
r_0963,YML110C
r_0963,YOL096C
r_0963,YGR255C
r_0964,YDR135C
r_0965,YDR236C
r_0966,YDR236C
r_0967,YOL143C
r_0968,YBR256C
r_0969,YCR036W
r_0970,YGR209C
r_0971,YGR209C
r_0972,YGR209C
r_0973,YGR209C
r_0974,YER070W
r_0974,YJL026W
r_0974,YIL066C
r_0974,YGR180C
r_0975,YER070W
r_0975,YJL026W
r_0975,YIL066C
r_0975,YGR180C
r_0976,YER070W
r_0976,YJL026W
r_0976,YIL066C
r_0976,YGR180C
r_0977,YER070W
r_0977,YJL026W
r_0977,YIL066C
r_0977,YGR180C
r_0978,YER070W
r_0978,YJL026W
r_0978,YIL066C
r_0978,YGR180C
r_0979,YER070W
r_0979,YJL026W
r_0979,YIL066C
r_0979,YGR180C
r_0982,YOR095C
r_0983,YNL129W
r_0984,YJL121C
r_0985,YDR204W
r_0985,YLR201C
r_0985,YOR125C
r_0985,YML110C
r_0985,YOL096C
r_0985,YGR255C
r_0986,YML008C
r_0987,YJL068C
r_0988,YIR034C
r_0989,YNR050C
r_0990,YKL060C
r_0992,YOR253W
r_0992,YDL040C
r_0992,YHR013C
r_0993,YMR296C
r_0993,YGR038W
r_0993,YBR058C-A
r_0993,YDR062W
r_0993,YKL212W
r_0993,YLR350W
r_0995,YHR011W
r_0995,YDR023W
r_0996,YDR127W
r_0997,YDR127W
r_0998,YBR213W
r_0999,YBR213W
r_1000,YEL047C
r_1001,YPR069C
r_1002,YLR146C
r_1003,YDR294C
r_1004,YJL134W
r_1004,YKR053C
r_1005,YJL134W
r_1005,YKR053C
r_1006,YOR171C
r_1006,YLR260W
r_1007,YOR171C
r_1007,YLR260W
r_1010,YGR175C
r_1011,YGR175C
r_1012,YHR190W
r_1021,YLR164W
r_1021,YKL148C
r_1021,YKL141W
r_1021,YJL045W
r_1021,YLL041C
r_1021,YDR178W
r_1022,YOR142W
r_1022,YGR244C
r_1023,YBR006W
r_1024,YIL162W
r_1025,YJR010W
r_1026,YCL050C
r_1027,YFR030W
r_1027,YJR137C
r_1028,YLL048C
r_1029,YLL057C
r_1030,YDR019C
r_1030,YAL044C
r_1030,YMR189W
r_1030,YFL018C
r_1031,YOR241W
r_1031,YKL132C
r_1032,YBR092C
r_1033,YBR092C
r_1034,YOR143C
r_1035,YOR143C
r_1036,YPL214C
r_1037,YIL010W
r_1037,YGR209C
r_1037,YLR043C
r_1038,YDR353W
r_1038,YGR209C
r_1038,YLR043C
r_1039,YPL091W
r_1039,YCR083W
r_1039,YHR106W
r_1040,YEL046C
r_1041,YCR053W
r_1042,YIL078W
r_1043,YKL194C
r_1045,YOR074C
r_1046,YER175C
r_1047,YBR003W
r_1048,YGR043C
r_1048,YLR354C
r_1049,YBR117C
r_1049,YPR074C
r_1050,YBR117C
r_1050,YPR074C
r_1051,YBR126C
r_1051,YDR074W
r_1051,YMR261C
r_1051,YML100W
r_1054,YDR050C
r_1055,YGL026C
r_1056,YGL202W
r_1057,YOL097C
r_1058,YDR268W
r_1063,YGL202W
r_1065,YLR027C
r_1066,YGR185C
r_1067,YPL097W
r_1068,YLR189C
r_1069,YDL103C
r_1070,YBR019C
r_1071,YBR018C
r_1072,YKL024C
r_1073,YKL024C
r_1074,YHR128W
r_1075,YBR208C
r_1076,YIR032C
r_1077,YDR020C
r_1077,YNR012W
r_1078,YDR020C
r_1078,YNR012W
r_1079,YKL024C
r_1080,YKL024C
r_1081,YDR047W
r_1082,YKR069W
r_1083,YOR278W
r_1084,YKL035W
r_1084,YHL012W
r_1085,YKL080W
r_1085,YLR447C
r_1085,YPL234C
r_1085,YBR127C
r_1085,YDL185W
r_1085,YHR026W
r_1085,YGR020C
r_1085,YEL027W
r_1085,YMR054W
r_1085,YCL005W-A
r_1085,YPR036W
r_1085,YEL051W
r_1085,YHR039C-A
r_1085,YOR332W
r_1085,YPR170W-B
r_1085,YGR106C
r_1086,YKL080W
r_1086,YLR447C
r_1086,YPL234C
r_1086,YBR127C
r_1086,YDL185W
r_1086,YHR026W
r_1086,YGR020C
r_1086,YOR270C
r_1086,YEL027W
r_1086,YCL005W-A
r_1086,YEL051W
r_1086,YPR036W
r_1086,YHR039C-A
r_1086,YOR332W
r_1086,YPR170W-B
r_1086,YGR106C
r_1087,YJR148W
r_1088,YHR208W
r_1089,YGR094W
r_1090,YGR094W
r_1091,YJR133W
r_1092,YLR070C
r_1093,YHR104W
r_1094,YGR194C
r_1095,YNL292W
r_1095,YGL063W
r_1095,YFL001W
r_1095,YPL212C
r_1096,YKL217W
r_1096,YNL065W
r_1099,YOR222W
r_1099,YPL134C
r_1101,YOR348C
r_1101,YDL210W
r_1102,YDL210W
r_1104,YNR056C
r_1106,YCR010C
r_1108,YER060W-A
r_1108,YER060W
r_1108,YER056C
r_1109,YAL022C
r_1110,YMR056C
r_1110,YBL030C
r_1110,YBR085W
r_1111,YPR128C
r_1112,YMR241W
r_1113,YJR152W
r_1114,YIR028W
r_1115,YNL142W
r_1115,YGR121C
r_1115,YPR138C
r_1115,YDR384C
r_1116,YPR128C
r_1118,YPR021C
r_1119,YGR065C
r_1120,YOR100C
r_1125,YGL077C
r_1126,YBR291C
r_1127,YBR291C
r_1128,YBR291C
r_1129,YHR002W
r_1130,YBR192W
r_1131,YBR192W
r_1132,YAL022C
r_1133,YER060W-A
r_1133,YGL186C
r_1133,YER060W
r_1133,YER056C
r_1134,YFL011W
r_1134,YEL069C
r_1134,YHR096C
r_1134,YHR092C
r_1134,YJR158W
r_1134,YJL214W
r_1134,YDR342C
r_1134,YOL156W
r_1134,YNR072W
r_1134,YDR343C
r_1134,YDR345C
r_1134,YHR094C
r_1134,YDL245C
r_1134,YMR011W
r_1134,YJL219W
r_1135,YFL011W
r_1135,YJL219W
r_1135,YLR081W
r_1135,YNL318C
r_1135,YOL156W
r_1136,YKL217W
r_1139,YFL011W
r_1139,YEL069C
r_1139,YJR158W
r_1139,YJL214W
r_1139,YDR342C
r_1139,YOL156W
r_1139,YNR072W
r_1139,YDR343C
r_1139,YDR345C
r_1139,YHR094C
r_1139,YDL245C
r_1139,YHR096C
r_1139,YJL219W
r_1146,YIL013C
r_1146,YOR011W
r_1147,YIL013C
r_1147,YOR011W
r_1148,YIL013C
r_1148,YOR011W
r_1149,YGL077C
r_1151,YIL134W
r_1161,YIL013C
r_1161,YOR011W
r_1162,YIL013C
r_1162,YOR011W
r_1165,YGL225W
r_1166,YEL069C
r_1166,YHR092C
r_1166,YOL156W
r_1166,YNR072W
r_1166,YLR081W
r_1166,YHR094C
r_1166,YDL245C
r_1166,YJR160C
r_1166,YMR011W
r_1166,YJL219W
r_1166,YFL011W
r_1166,YJR158W
r_1166,YDR387C
r_1166,YDL247W
r_1166,YJL214W
r_1166,YDR342C
r_1166,YDR343C
r_1166,YDR536W
r_1166,YDR345C
r_1166,YHR096C
r_1167,YJL212C
r_1168,YLL015W
r_1168,YDR135C
r_1169,YCR098C
r_1170,YCR098C
r_1171,YGL084C
r_1171,YDR536W
r_1171,YPL189W
r_1172,YLL043W
r_1172,YFL054C
r_1173,YKR039W
r_1173,YOL020W
r_1173,YPL265W
r_1173,YOR348C
r_1173,YCL025C
r_1175,YDL198C
r_1176,YER060W-A
r_1176,YER060W
r_1176,YER056C
r_1177,YDR497C
r_1177,YOL103W
r_1178,YMR319C
r_1178,YMR058W
r_1179,YKR052C
r_1179,YJL133W
r_1183,YKR039W
r_1183,YPL265W
r_1183,YOR348C
r_1183,YCL025C
r_1184,YKR039W
r_1184,YNL270C
r_1184,YEL063C
r_1185,YBR293W
r_1185,YOL092W
r_1186,YKR039W
r_1186,YDR508C
r_1186,YPL265W
r_1186,YCL025C
r_1187,YJR001W
r_1188,YNL101W
r_1188,YKL146W
r_1189,YER119C
r_1190,YKR039W
r_1190,YPL265W
r_1190,YFL055W
r_1191,YBR132C
r_1192,YKR039W
r_1192,YOL020W
r_1192,YBR068C
r_1192,YDR046C
r_1192,YBR069C
r_1192,YCL025C
r_1192,YDR508C
r_1193,YCR075C
r_1194,YPR021C
r_1195,YER119C
r_1196,YKR039W
r_1196,YPL265W
r_1196,YFL055W
r_1196,YCL025C
r_1197,YJR001W
r_1198,YNL101W
r_1198,YKL146W
r_1199,YKR039W
r_1199,YDR508C
r_1199,YPL265W
r_1199,YCL025C
r_1200,YCL069W
r_1200,YMR088C
r_1200,YBR293W
r_1200,YOL092W
r_1201,YKR039W
r_1201,YBR069C
r_1201,YGR191W
r_1202,YCL038C
r_1203,YJR001W
r_1204,YNL101W
r_1204,YKL146W
r_1205,YKR039W
r_1205,YDR046C
r_1205,YBR068C
r_1205,YBR069C
r_1205,YCL025C
r_1206,YKL217W
r_1207,YKL217W
r_1208,YCL038C
r_1209,YJR001W
r_1210,YNL101W
r_1210,YKL146W
r_1211,YKR039W
r_1211,YDR046C
r_1211,YBR068C
r_1211,YBR069C
r_1211,YCL025C
r_1211,YDR508C
r_1212,YCL069W
r_1212,YMR088C
r_1212,YBR293W
r_1212,YOL092W
r_1213,YKR039W
r_1213,YNL268W
r_1214,YKR039W
r_1214,YDR046C
r_1214,YBR068C
r_1214,YHL036W
r_1214,YDR508C
r_1214,YGR055W
r_1214,YCL025C
r_1215,YKR039W
r_1215,YOL020W
r_1215,YBR068C
r_1215,YDR046C
r_1215,YCL025C
r_1216,YKR039W
r_1216,YOR348C
r_1217,YKR039W
r_1217,YPL265W
r_1217,YFL055W
r_1217,YDR508C
r_1217,YCL025C
r_1217,YDR105C
r_1218,YKR039W
r_1218,YDR508C
r_1218,YCL025C
r_1219,YKR039W
r_1219,YOL020W
r_1219,YBR068C
r_1219,YDR046C
r_1219,YBR069C
r_1220,YCL038C
r_1221,YJR001W
r_1221,YBR293W
r_1222,YNL101W
r_1222,YKL146W
r_1223,YKR039W
r_1223,YOL020W
r_1223,YBR068C
r_1223,YDR046C
r_1223,YBR069C
r_1223,YCL025C
r_1224,YKR039W
r_1224,YDR046C
r_1224,YBR068C
r_1224,YBR069C
r_1224,YCL025C
r_1225,YIL013C
r_1225,YOR011W
r_1226,YLR348C
r_1227,YDL247W
r_1227,YGR289C
r_1227,YJR160C
r_1227,YBR298C
r_1228,YBR180W
r_1229,YIL006W
r_1229,YEL006W
r_1230,YIL006W
r_1231,YIL006W
r_1232,YIL006W
r_1235,YGR260W
r_1236,YPL147W
r_1236,YKL188C
r_1237,YOR130C
r_1238,YKR039W
r_1239,YKL120W
r_1241,YCR028C
r_1244,YBR296C
r_1244,YML123C
r_1244,YCR037C
r_1244,YJL198W
r_1244,YNR013C
r_1245,YER053C
r_1245,YJR077C
r_1249,YJL129C
r_1249,YDR456W
r_1250,YKL174C
r_1251,YOR273C
r_1251,YLL028W
r_1252,YOR273C
r_1252,YLL028W
r_1253,YGL186C
r_1254,YKL217W
r_1255,YPL274W
r_1256,YNL003C
r_1257,YLL061W
r_1258,YLR138W
r_1258,YDR456W
r_1259,YKL174C
r_1260,YKR039W
r_1260,YBR132C
r_1260,YOR273C
r_1260,YLL028W
r_1260,YPL274W
r_1260,YHL016C
r_1261,YOR273C
r_1261,YLL028W
r_1262,YGR138C
r_1262,YLL028W
r_1262,YOR273C
r_1262,YPR156C
r_1263,YGR138C
r_1263,YLL028W
r_1263,YOR273C
r_1263,YPR156C
r_1264,YLR348C
r_1265,YJR095W
r_1266,YBR294W
r_1266,YLR092W
r_1267,YPL092W
r_1269,YGR096W
r_1270,YOR192C
r_1270,YLR237W
r_1270,YOR071C
r_1271,YPL244C
r_1272,YBR021W
r_1273,YHL016C
r_1274,YBL042C
r_1275,YBR192W
r_1276,YBR192W
r_1277,YPR192W
r_1277,YLL052C
r_1278,YIL013C
r_1278,YOR011W
r_1574,YKL120W
r_1585,YKL217W
r_1585,YNL065W
r_1603,YFL058W
r_1614,YBR242W
r_1614,YGL101W
r_1615,YBR242W
r_1615,YGL101W
r_1616,YBR242W
r_1616,YGL101W
r_1617,YBR242W
r_1617,YGL101W
r_1619,YER037W
r_1623,YER183C
r_1624,YER183C
r_1642,YPR011C
r_1657,YBR147W
r_1658,YDR508C
r_1667,YNL036W
r_1684,YOR161C
r_1684,YGL077C
r_1703,YKL024C
r_1704,YKL024C
r_1707,YHR092C
r_1707,YDR342C
r_1717,YJR158W
r_1717,YNR072W
r_1717,YDL245C
r_1717,YEL069C
r_1719,YHR092C
r_1729,YDL166C
r_1735,YBL042C
r_1736,YDR196C
r_1739,YDR071C
r_1770,YBR041W
r_1771,YPL147W
r_1771,YKL188C
r_1772,YPL147W
r_1772,YKL188C
r_1774,YPL147W
r_1774,YKL188C
r_1775,YBR041W
r_1790,YDL045C
r_1795,YNL065W
r_1803,YGL225W
r_1805,YBR241C
r_1811,YPR058W
r_1816,YNL065W
r_1835,YBR041W
r_1836,YBR041W
r_1837,YBR147W
r_1838,YDL182W
r_1838,YDL131W
r_1877,YHR092C
r_1877,YDR342C
r_1882,YOR100C
r_1907,YKR039W
r_1908,YJR158W
r_1908,YNR072W
r_1908,YDL245C
r_1908,YEL069C
r_1910,YFL011W
r_1910,YEL069C
r_1910,YHR092C
r_1910,YJR158W
r_1910,YJL214W
r_1910,YDR342C
r_1910,YOL156W
r_1910,YNR072W
r_1910,YDR343C
r_1910,YDR345C
r_1910,YDL245C
r_1910,YHR096C
r_1910,YJL219W
r_1919,YBR147W
r_1935,YDR508C
r_1976,YOR100C
r_1981,YBR041W
r_1990,YJL212C
r_2008,YNR013C
r_2025,YNR027W
r_2026,YNR027W
r_2029,YEL029C
r_2034,YGR243W
r_2034,YHR162W
r_2034,YGL080W
r_2040,YOR306C
r_2041,YHR092C
r_2041,YDR342C
r_2045,YDR508C
r_2064,YDL024C
r_2072,YDR508C
r_2079,YGR289C
r_2094,YPR192W
r_2094,YLL052C
r_2105,YDL245C
r_2105,YLL043W
r_2107,YIL013C
r_2107,YOR011W
r_2112,YJL060W
r_2115,YOL086C
r_2115,YBR145W
r_2116,YOR374W
r_2116,YMR170C
r_2116,YMR110C
r_2116,YER073W
r_2117,YHR137W
r_2118,YHR137W
r_2119,YHR137W
r_2126,YKR043C
r_2131,YDL066W
r_2132,YOR222W
r_2132,YPL134C
r_2140,YKL182W
r_2140,YPL231W
r_2141,YKL182W
r_2141,YPL231W
r_2142,YKL192C
r_2142,YER061C
r_2143,YKL192C
r_2143,YER061C
r_2144,YKL192C
r_2144,YER061C
r_2145,YKL055C
r_2146,YKL055C
r_2147,YKL055C
r_2148,YHR067W
r_2149,YHR067W
r_2150,YHR067W
r_2151,YBR026C
r_2152,YBR026C
r_2153,YBR026C
r_2154,YJL196C
r_2155,YJL196C
r_2156,YCR034W
r_2157,YLR372W
r_2157,YCR034W
r_2158,YLR372W
r_2158,YCR034W
r_2159,YLR372W
r_2159,YCR034W
r_2160,YLR372W
r_2161,YBR159W
r_2162,YBR159W
r_2163,YBR159W
r_2164,YBR159W
r_2165,YBR159W
r_2166,YBR159W
r_2167,YBR159W
r_2168,YJL097W
r_2169,YJL097W
r_2170,YJL097W
r_2171,YJL097W
r_2172,YJL097W
r_2173,YJL097W
r_2174,YJL097W
r_2175,YDL015C
r_2176,YDL015C
r_2177,YDL015C
r_2178,YDL015C
r_2179,YDL015C
r_2180,YDL015C
r_2181,YDL015C
r_2182,YGL055W
r_2183,YGL055W
r_2186,YBR041W
r_2190,YNL065W
r_2191,YNL065W
r_2192,YBR041W
r_2194,YOR317W
r_2195,YMR246W
r_2195,YOR317W
r_2196,YMR246W
r_2196,YOR317W
r_2197,YMR246W
r_2197,YOR317W
r_2198,YMR246W
r_2198,YOR317W
r_2199,YMR246W
r_2199,YOR317W
r_2200,YOR317W
r_2201,YMR246W
r_2201,YOR317W
r_2202,YMR246W
r_2202,YOR317W
r_2203,YMR246W
r_2203,YOR317W
r_2204,YMR246W
r_2204,YOR317W
r_2205,YMR246W
r_2205,YOR317W
r_2206,YER015W
r_2207,YER015W
r_2208,YER015W
r_2209,YIL009W
r_2210,YIL009W
r_2211,YIL009W
r_2212,YIL009W
r_2213,YBR041W
r_2214,YBR041W
r_2215,YBR041W
r_2216,YBR041W
r_2217,YBR041W
r_2218,YBR041W
r_2219,YPL147W
r_2219,YKL188C
r_2220,YPL147W
r_2220,YKL188C
r_2221,YPL147W
r_2221,YKL188C
r_2222,YPL147W
r_2222,YKL188C
r_2223,YPL147W
r_2223,YKL188C
r_2224,YPL147W
r_2224,YKL188C
r_2225,YPL147W
r_2225,YKL188C
r_2226,YPL147W
r_2226,YKL188C
r_2227,YPL147W
r_2227,YKL188C
r_2228,YPL147W
r_2228,YKL188C
r_2231,YPL147W
r_2231,YKL188C
r_2232,YJR019C
r_2233,YJR019C
r_2234,YJR019C
r_2235,YJR019C
r_2236,YGL205W
r_2237,YGL205W
r_2238,YGL205W
r_2239,YGL205W
r_2240,YGL205W
r_2241,YGL205W
r_2242,YGL205W
r_2243,YGL205W
r_2244,YGL205W
r_2245,YGL205W
r_2246,YGL205W
r_2247,YGL205W
r_2248,YKR009C
r_2249,YKR009C
r_2250,YKR009C
r_2251,YKR009C
r_2252,YKR009C
r_2253,YKR009C
r_2254,YKR009C
r_2255,YKR009C
r_2256,YKR009C
r_2257,YKR009C
r_2258,YKR009C
r_2259,YKR009C
r_2260,YKR009C
r_2261,YKR009C
r_2262,YKR009C
r_2263,YKR009C
r_2264,YKR009C
r_2265,YKR009C
r_2266,YKR009C
r_2267,YKR009C
r_2268,YKR009C
r_2269,YKR009C
r_2270,YKR009C
r_2271,YKR009C
r_2272,YKR009C
r_2273,YKR009C
r_2274,YKR009C
r_2275,YKR009C
r_2276,YKR009C
r_2277,YKR009C
r_2278,YKR009C
r_2279,YKR009C
r_2280,YKR009C
r_2281,YKR009C
r_2282,YKR009C
r_2283,YIL160C
r_2284,YIL160C
r_2285,YIL160C
r_2286,YIL160C
r_2287,YIL160C
r_2288,YIL160C
r_2289,YIL160C
r_2290,YIL160C
r_2291,YIL160C
r_2292,YIL160C
r_2293,YIL160C
r_2294,YIL160C
r_2295,YLR284C
r_2296,YLR284C
r_2297,YLR284C
r_2298,YLR284C
r_2299,YLR284C
r_2300,YLR284C
r_2301,YOR180C
r_2302,YOR180C
r_2303,YNL202W
r_2304,YNL202W
r_2305,YLR304C
r_2308,YBL011W
r_2308,YKR067W
r_2309,YBL011W
r_2309,YKR067W
r_2310,YKR067W
r_2311,YKR067W
r_2312,YBL011W
r_2312,YKR067W
r_2313,YBL011W
r_2313,YKR067W
r_2314,YKR067W
r_2315,YKR067W
r_2316,YKR067W
r_2317,YKR067W
r_2318,YKR067W
r_2319,YKR067W
r_2320,YKR067W
r_2321,YKR067W
r_2322,YKR067W
r_2323,YKR067W
r_2324,YIL124W
r_2325,YIL124W
r_2326,YIL124W
r_2327,YIL124W
r_2328,YIL124W
r_2329,YIL124W
r_2330,YIL124W
r_2331,YIL124W
r_2332,YOR175C
r_2333,YOR175C
r_2333,YDL052C
r_2334,YOR175C
r_2335,YOR175C
r_2335,YDL052C
r_2336,YOR175C
r_2337,YOR175C
r_2337,YDL052C
r_2338,YOR175C
r_2339,YOR175C
r_2339,YDL052C
r_2340,YOR081C
r_2340,YDL052C
r_2340,YKR089C
r_2341,YOR081C
r_2341,YDL052C
r_2341,YKR089C
r_2342,YOR081C
r_2342,YDL052C
r_2342,YKR089C
r_2343,YOR081C
r_2343,YDL052C
r_2343,YKR089C
r_2344,YMR165C
r_2345,YMR165C
r_2346,YMR165C
r_2347,YMR165C
r_2348,YMR165C
r_2349,YMR165C
r_2350,YMR165C
r_2351,YMR165C
r_2352,YDR284C
r_2353,YDR284C
r_2354,YDR284C
r_2355,YDR284C
r_2356,YDR284C
r_2357,YDR284C
r_2358,YDR284C
r_2359,YDR284C
r_2360,YDR503C
r_2361,YDR503C
r_2362,YDR503C
r_2363,YDR503C
r_2364,YDR503C
r_2365,YDR503C
r_2366,YDR503C
r_2367,YDR503C
r_2368,YNR019W
r_2368,YOR245C
r_2368,YCR048W
r_2369,YNR019W
r_2369,YOR245C
r_2369,YCR048W
r_2370,YNR019W
r_2370,YOR245C
r_2370,YCR048W
r_2371,YNR019W
r_2371,YOR245C
r_2371,YCR048W
r_2372,YNR019W
r_2372,YOR245C
r_2372,YCR048W
r_2373,YNR019W
r_2373,YOR245C
r_2373,YCR048W
r_2374,YNR019W
r_2374,YOR245C
r_2374,YCR048W
r_2375,YNR019W
r_2375,YOR245C
r_2375,YCR048W
r_2376,YNR019W
r_2376,YOR245C
r_2376,YCR048W
r_2377,YNR019W
r_2377,YOR245C
r_2377,YCR048W
r_2378,YNR019W
r_2378,YOR245C
r_2378,YCR048W
r_2379,YNR019W
r_2379,YOR245C
r_2379,YCR048W
r_2380,YNR019W
r_2380,YOR245C
r_2380,YCR048W
r_2381,YNR019W
r_2381,YOR245C
r_2381,YCR048W
r_2382,YNR019W
r_2382,YOR245C
r_2382,YCR048W
r_2383,YNR019W
r_2383,YOR245C
r_2383,YCR048W
r_2384,YNR019W
r_2384,YOR245C
r_2384,YCR048W
r_2385,YNR019W
r_2385,YOR245C
r_2385,YCR048W
r_2386,YNR019W
r_2386,YOR245C
r_2386,YCR048W
r_2387,YNR019W
r_2387,YOR245C
r_2387,YCR048W
r_2388,YNR019W
r_2388,YOR245C
r_2388,YCR048W
r_2389,YNR019W
r_2389,YOR245C
r_2389,YCR048W
r_2390,YNR019W
r_2390,YOR245C
r_2390,YCR048W
r_2391,YNR019W
r_2391,YOR245C
r_2391,YCR048W
r_2392,YNR019W
r_2392,YOR245C
r_2392,YCR048W
r_2393,YNR019W
r_2393,YOR245C
r_2393,YCR048W
r_2394,YNR019W
r_2394,YOR245C
r_2394,YCR048W
r_2395,YNR019W
r_2395,YOR245C
r_2395,YCR048W
r_2396,YNR019W
r_2396,YOR245C
r_2396,YCR048W
r_2397,YNR019W
r_2397,YOR245C
r_2397,YCR048W
r_2398,YNR019W
r_2398,YOR245C
r_2398,YCR048W
r_2399,YNR019W
r_2399,YOR245C
r_2399,YCR048W
r_2400,YOR245C
r_2401,YOR245C
r_2402,YOR245C
r_2403,YOR245C
r_2404,YOR245C
r_2405,YOR245C
r_2406,YOR245C
r_2407,YOR245C
r_2408,YOR245C
r_2409,YOR245C
r_2410,YOR245C
r_2411,YOR245C
r_2412,YOR245C
r_2413,YOR245C
r_2414,YOR245C
r_2415,YOR245C
r_2416,YOR245C
r_2417,YOR245C
r_2418,YOR245C
r_2419,YOR245C
r_2420,YOR245C
r_2421,YOR245C
r_2422,YOR245C
r_2423,YOR245C
r_2424,YOR245C
r_2425,YOR245C
r_2426,YOR245C
r_2427,YOR245C
r_2428,YOR245C
r_2429,YOR245C
r_2430,YOR245C
r_2431,YOR245C
r_2432,YBR029C
r_2433,YBR029C
r_2434,YBR029C
r_2435,YBR029C
r_2436,YBR029C
r_2437,YBR029C
r_2438,YBR029C
r_2439,YBR029C
r_2440,YBR029C
r_2441,YBR029C
r_2442,YBR029C
r_2443,YBR029C
r_2444,YBR029C
r_2445,YBR029C
r_2446,YER026C
r_2447,YER026C
r_2448,YER026C
r_2449,YER026C
r_2450,YER026C
r_2451,YER026C
r_2452,YER026C
r_2453,YER026C
r_2454,YPR113W
r_2455,YPR113W
r_2456,YPR113W
r_2457,YPR113W
r_2458,YPR113W
r_2459,YPR113W
r_2460,YPR113W
r_2461,YPR113W
r_2462,YBR042C
r_2463,YBR042C
r_2464,YNL169C
r_2465,YNL169C
r_2466,YNL169C
r_2467,YNL169C
r_2468,YNL169C
r_2469,YNL169C
r_2470,YNL169C
r_2471,YNL169C
r_2472,YGR170W
r_2473,YGR170W
r_2474,YGR170W
r_2475,YGR170W
r_2476,YGR170W
r_2477,YGR170W
r_2478,YGR170W
r_2479,YGR170W
r_2480,YGR170W
r_2481,YGR170W
r_2482,YGR170W
r_2483,YGR170W
r_2484,YGR170W
r_2485,YGR170W
r_2486,YGR170W
r_2487,YGR170W
r_2488,YGR157W
r_2488,YJR073C
r_2489,YGR157W
r_2489,YJR073C
r_2490,YGR157W
r_2490,YJR073C
r_2491,YGR157W
r_2491,YJR073C
r_2492,YGR157W
r_2492,YJR073C
r_2493,YGR157W
r_2493,YJR073C
r_2494,YGR157W
r_2494,YJR073C
r_2495,YGR157W
r_2495,YJR073C
r_2496,YJR073C
r_2497,YJR073C
r_2498,YJR073C
r_2499,YJR073C
r_2500,YJR073C
r_2501,YJR073C
r_2502,YJR073C
r_2503,YJR073C
r_2504,YJR073C
r_2505,YJR073C
r_2506,YJR073C
r_2507,YJR073C
r_2508,YJR073C
r_2509,YJR073C
r_2510,YJR073C
r_2511,YJR073C
r_2512,YOR311C
r_2513,YOR311C
r_2514,YOR311C
r_2515,YOR311C
r_2516,YOR311C
r_2517,YOR311C
r_2518,YOR311C
r_2519,YOR311C
r_2520,YHR123W
r_2521,YHR123W
r_2522,YHR123W
r_2523,YHR123W
r_2524,YHR123W
r_2525,YHR123W
r_2526,YHR123W
r_2527,YHR123W
r_2528,YHR123W
r_2528,YNL130C
r_2529,YHR123W
r_2529,YNL130C
r_2530,YHR123W
r_2530,YNL130C
r_2531,YHR123W
r_2531,YNL130C
r_2532,YHR123W
r_2532,YNL130C
r_2533,YHR123W
r_2533,YNL130C
r_2534,YHR123W
r_2534,YNL130C
r_2535,YHR123W
r_2535,YNL130C
r_2536,YCL004W
r_2537,YCL004W
r_2538,YCL004W
r_2539,YCL004W
r_2540,YCL004W
r_2541,YCL004W
r_2542,YHR100C
r_2543,YHR100C
r_2544,YHR100C
r_2545,YHR100C
r_2546,YHR100C
r_2547,YHR100C
r_2548,YDL142C
r_2549,YDL142C
r_2550,YDL142C
r_2551,YDL142C
r_2552,YDL142C
r_2553,YDL142C
r_2554,YDL142C
r_2555,YDL142C
r_2556,YDL142C
r_2557,YDL142C
r_2558,YDL142C
r_2559,YDL142C
r_2560,YDL142C
r_2561,YDL142C
r_2562,YDL142C
r_2563,YDL142C
r_2564,YDL142C
r_2565,YDL142C
r_2566,YDL142C
r_2567,YDL142C
r_2568,YDL142C
r_2569,YDL142C
r_2570,YDL142C
r_2571,YDL142C
r_2572,YDL142C
r_2573,YDL142C
r_2574,YDL142C
r_2575,YDL142C
r_2576,YDL142C
r_2577,YDL142C
r_2578,YDL142C
r_2579,YDL142C
r_2580,YDL142C
r_2581,YDL142C
r_2582,YDL142C
r_2583,YDL142C
r_2584,YGR110W
r_2585,YGR110W
r_2586,YGR110W
r_2587,YGR110W
r_2588,YGR110W
r_2589,YGR110W
r_2590,YGR110W
r_2591,YGR110W
r_2592,YGR110W
r_2593,YGR110W
r_2594,YGR110W
r_2595,YGR110W
r_2596,YGR110W
r_2597,YGR110W
r_2598,YGR110W
r_2599,YGR110W
r_2600,YGR110W
r_2601,YGR110W
r_2602,YGR110W
r_2603,YGR110W
r_2604,YGR110W
r_2605,YGR110W
r_2606,YGR110W
r_2607,YGR110W
r_2608,YGR110W
r_2609,YGR110W
r_2610,YGR110W
r_2611,YGR110W
r_2612,YGR110W
r_2613,YGR110W
r_2614,YGR110W
r_2615,YGR110W
r_2616,YGR110W
r_2617,YGR110W
r_2618,YGR110W
r_2619,YGR110W
r_2620,YPR140W
r_2621,YPR140W
r_2622,YPR140W
r_2623,YPR140W
r_2624,YPR140W
r_2625,YPR140W
r_2626,YPR140W
r_2627,YPR140W
r_2628,YPR140W
r_2629,YPR140W
r_2630,YPR140W
r_2631,YPR140W
r_2632,YPR140W
r_2633,YPR140W
r_2634,YPR140W
r_2635,YPR140W
r_2636,YPR140W
r_2637,YPR140W
r_2638,YPR140W
r_2639,YPR140W
r_2640,YPR140W
r_2641,YPR140W
r_2642,YPR140W
r_2643,YPR140W
r_2644,YPR140W
r_2645,YPR140W
r_2646,YPR140W
r_2647,YPR140W
r_2648,YPR140W
r_2649,YPR140W
r_2650,YPR140W
r_2651,YPR140W
r_2652,YPR140W
r_2653,YPR140W
r_2654,YPR140W
r_2655,YPR140W
r_2656,YPR140W
r_2657,YPR140W
r_2658,YPR140W
r_2659,YPR140W
r_2660,YPR140W
r_2661,YPR140W
r_2662,YPR140W
r_2663,YPR140W
r_2664,YPR140W
r_2665,YPR140W
r_2666,YPR140W
r_2667,YPR140W
r_2668,YPR140W
r_2669,YPR140W
r_2670,YPR140W
r_2671,YPR140W
r_2672,YPR140W
r_2673,YPR140W
r_2674,YPR140W
r_2675,YPR140W
r_2676,YPR140W
r_2677,YPR140W
r_2678,YPR140W
r_2679,YPR140W
r_2680,YPR140W
r_2681,YPR140W
r_2682,YPR140W
r_2683,YPR140W
r_2684,YPR140W
r_2685,YPR140W
r_2686,YPR140W
r_2687,YPR140W
r_2688,YPR140W
r_2689,YPR140W
r_2690,YPR140W
r_2691,YPR140W
r_2692,YPR140W
r_2693,YPR140W
r_2694,YPR140W
r_2695,YPR140W
r_2696,YPR140W
r_2697,YPR140W
r_2698,YPR140W
r_2699,YPR140W
r_2700,YPR140W
r_2701,YPR140W
r_2702,YPR140W
r_2703,YPR140W
r_2704,YPR140W
r_2705,YPR140W
r_2706,YPR140W
r_2707,YPR140W
r_2708,YPR140W
r_2709,YPR140W
r_2710,YPR140W
r_2711,YPR140W
r_2712,YPR140W
r_2713,YPR140W
r_2714,YPR140W
r_2715,YPR140W
r_2716,YPR140W
r_2717,YPR140W
r_2718,YPR140W
r_2719,YPR140W
r_2720,YPR140W
r_2721,YPR140W
r_2722,YPR140W
r_2723,YPR140W
r_2724,YPR140W
r_2725,YPR140W
r_2726,YPR140W
r_2727,YPR140W
r_2728,YPR140W
r_2729,YPR140W
r_2730,YPR140W
r_2731,YPR140W
r_2732,YPR140W
r_2733,YPR140W
r_2734,YPR140W
r_2735,YPR140W
r_2736,YPR140W
r_2737,YPR140W
r_2738,YPR140W
r_2739,YPR140W
r_2740,YPR140W
r_2741,YPR140W
r_2742,YPR140W
r_2743,YPR140W
r_2744,YPR140W
r_2745,YPR140W
r_2746,YPR140W
r_2747,YPR140W
r_2748,YPR140W
r_2749,YPR140W
r_2750,YPR140W
r_2751,YPR140W
r_2752,YPR140W
r_2753,YPR140W
r_2754,YPR140W
r_2755,YPR140W
r_2756,YPR140W
r_2757,YPR140W
r_2758,YPR140W
r_2759,YPR140W
r_2760,YPR140W
r_2761,YPR140W
r_2762,YPR140W
r_2763,YPR140W
r_2764,YPR140W
r_2765,YPR140W
r_2766,YPR140W
r_2767,YPR140W
r_2768,YPR140W
r_2769,YPR140W
r_2770,YPR140W
r_2771,YPR140W
r_2772,YPR140W
r_2773,YPR140W
r_2774,YPR140W
r_2775,YPR140W
r_2776,YPR140W
r_2777,YPR140W
r_2778,YPR140W
r_2779,YPR140W
r_2780,YPR140W
r_2781,YPR140W
r_2782,YPR140W
r_2783,YPR140W
r_2784,YPR140W
r_2785,YPR140W
r_2786,YPR140W
r_2787,YPR140W
r_2788,YPR140W
r_2789,YPR140W
r_2790,YPR140W
r_2791,YPR140W
r_2792,YPR140W
r_2793,YPR140W
r_2794,YPR140W
r_2795,YPR140W
r_2796,YPR140W
r_2797,YPR140W
r_2798,YPR140W
r_2799,YPR140W
r_2800,YPR140W
r_2801,YPR140W
r_2802,YPR140W
r_2803,YPR140W
r_2804,YPR140W
r_2805,YPR140W
r_2806,YPR140W
r_2807,YPR140W
r_2808,YPR140W
r_2809,YPR140W
r_2810,YPR140W
r_2811,YPR140W
r_2820,YLR305C
r_2820,YJL100W
r_2821,YLR305C
r_2821,YJL100W
r_2822,YLR305C
r_2822,YJL100W
r_2823,YLR305C
r_2823,YJL100W
r_2824,YLR305C
r_2824,YJL100W
r_2825,YLR305C
r_2825,YJL100W
r_2826,YLR305C
r_2826,YJL100W
r_2827,YLR305C
r_2827,YJL100W
r_2828,YJL100W
r_2829,YJL100W
r_2830,YJL100W
r_2831,YJL100W
r_2832,YJL100W
r_2833,YJL100W
r_2834,YJL100W
r_2835,YJL100W
r_2836,YDR373W
r_2836,YNL267W
r_2837,YDR373W
r_2837,YNL267W
r_2838,YDR373W
r_2838,YNL267W
r_2839,YDR373W
r_2839,YNL267W
r_2840,YDR373W
r_2840,YNL267W
r_2841,YDR373W
r_2841,YNL267W
r_2842,YDR373W
r_2842,YNL267W
r_2843,YDR373W
r_2843,YNL267W
r_2844,YNL267W
r_2845,YNL267W
r_2846,YNL267W
r_2847,YNL267W
r_2848,YNL267W
r_2849,YNL267W
r_2850,YNL267W
r_2851,YNL267W
r_2852,YBR128C
r_2852,YPL120W
r_2852,YLR240W
r_2852,YBR097W
r_2852,YLR360W
r_2852,YLR211C
r_2853,YBR128C
r_2853,YPL120W
r_2853,YLR240W
r_2853,YBR097W
r_2853,YLR360W
r_2853,YLR211C
r_2854,YBR128C
r_2854,YPL120W
r_2854,YLR240W
r_2854,YBR097W
r_2854,YLR360W
r_2854,YLR211C
r_2855,YBR128C
r_2855,YPL120W
r_2855,YLR240W
r_2855,YBR097W
r_2855,YLR360W
r_2855,YLR211C
r_2856,YBR128C
r_2856,YPL120W
r_2856,YLR240W
r_2856,YBR097W
r_2856,YLR360W
r_2856,YLR211C
r_2857,YBR128C
r_2857,YPL120W
r_2857,YLR240W
r_2857,YBR097W
r_2857,YLR360W
r_2857,YLR211C
r_2858,YBR128C
r_2858,YPL120W
r_2858,YLR240W
r_2858,YBR097W
r_2858,YLR360W
r_2858,YLR211C
r_2859,YBR128C
r_2859,YPL120W
r_2859,YLR240W
r_2859,YBR097W
r_2859,YLR360W
r_2859,YLR211C
r_2860,YDR208W
r_2861,YDR208W
r_2862,YDR208W
r_2863,YDR208W
r_2864,YDR208W
r_2865,YDR208W
r_2866,YDR208W
r_2867,YDR208W
r_2868,YDR208W
r_2869,YDR208W
r_2870,YDR208W
r_2871,YDR208W
r_2872,YDR208W
r_2873,YDR208W
r_2874,YDR208W
r_2875,YDR208W
r_2876,YFR019W
r_2877,YFR019W
r_2878,YFR019W
r_2879,YFR019W
r_2880,YFR019W
r_2881,YFR019W
r_2882,YFR019W
r_2883,YFR019W
r_2884,YNR008W
r_2885,YNR008W
r_2886,YNR008W
r_2887,YNR008W
r_2888,YNR008W
r_2889,YNR008W
r_2890,YNR008W
r_2891,YNR008W
r_2892,YNR008W
r_2893,YNR008W
r_2894,YNR008W
r_2895,YNR008W
r_2896,YNR008W
r_2897,YNR008W
r_2898,YNR008W
r_2899,YNR008W
r_2900,YNR008W
r_2901,YNR008W
r_2902,YNR008W
r_2903,YNR008W
r_2904,YNR008W
r_2905,YNR008W
r_2906,YNR008W
r_2907,YNR008W
r_2908,YNR008W
r_2909,YNR008W
r_2910,YNR008W
r_2911,YNR008W
r_2912,YNR008W
r_2913,YNR008W
r_2914,YNR008W
r_2915,YNR008W
r_2916,YNR008W
r_2917,YNR008W
r_2918,YNR008W
r_2919,YNR008W
r_2920,YNR008W
r_2921,YNR008W
r_2922,YNR008W
r_2923,YNR008W
r_2924,YNR008W
r_2925,YNR008W
r_2926,YNR008W
r_2927,YNR008W
r_2928,YNR008W
r_2929,YNR008W
r_2930,YNR008W
r_2931,YNR008W
r_2932,YNR008W
r_2933,YNR008W
r_2934,YNR008W
r_2935,YNR008W
r_2936,YNR008W
r_2937,YNR008W
r_2938,YNR008W
r_2939,YNR008W
r_2940,YNR008W
r_2941,YNR008W
r_2942,YNR008W
r_2943,YNR008W
r_2944,YNR008W
r_2945,YNR008W
r_2946,YNR008W
r_2947,YNR008W
r_2948,YNR008W
r_2949,YNR008W
r_2950,YNR008W
r_2951,YNR008W
r_2952,YNR008W
r_2953,YNR008W
r_2954,YNR008W
r_2955,YNR008W
r_2956,YNR008W
r_2957,YNR008W
r_2958,YNR008W
r_2959,YNR008W
r_2960,YNR008W
r_2961,YNR008W
r_2962,YNR008W
r_2963,YNR008W
r_2964,YNR008W
r_2965,YNR008W
r_2966,YNR008W
r_2967,YNR008W
r_2968,YNR008W
r_2969,YNR008W
r_2970,YNR008W
r_2971,YNR008W
r_2972,YNR008W
r_2973,YNR008W
r_2974,YNR008W
r_2975,YNR008W
r_2976,YNR008W
r_2977,YNR008W
r_2978,YNR008W
r_2979,YNR008W
r_2980,YNR008W
r_2981,YNR008W
r_2982,YNR008W
r_2983,YNR008W
r_2984,YNR008W
r_2985,YNR008W
r_2986,YNR008W
r_2987,YNR008W
r_2988,YNR008W
r_2989,YNR008W
r_2990,YNR008W
r_2991,YNR008W
r_2992,YNR008W
r_2993,YNR008W
r_2994,YNR008W
r_2995,YNR008W
r_2996,YNR008W
r_2997,YNR008W
r_2998,YNR008W
r_2999,YNR008W
r_3000,YNR008W
r_3001,YNR008W
r_3002,YNR008W
r_3003,YNR008W
r_3004,YNR008W
r_3005,YNR008W
r_3006,YNR008W
r_3007,YNR008W
r_3008,YNR008W
r_3009,YNR008W
r_3010,YNR008W
r_3011,YNR008W
r_3022,YML059C
r_3023,YML059C
r_3024,YML059C
r_3025,YML059C
r_3026,YML059C
r_3027,YML059C
r_3028,YML059C
r_3029,YML059C
r_3030,YML059C
r_3031,YML059C
r_3032,YML059C
r_3033,YML059C
r_3034,YMR008C
r_3035,YMR008C
r_3036,YMR008C
r_3037,YMR008C
r_3038,YMR008C
r_3039,YMR008C
r_3040,YMR008C
r_3041,YMR008C
r_3042,YMR008C
r_3043,YMR008C
r_3044,YMR008C
r_3045,YMR008C
r_3046,YMR006C
r_3046,YMR008C
r_3047,YMR006C
r_3047,YMR008C
r_3048,YMR006C
r_3048,YMR008C
r_3049,YMR006C
r_3049,YMR008C
r_3050,YMR006C
r_3050,YMR008C
r_3051,YMR006C
r_3051,YMR008C
r_3052,YMR006C
r_3052,YMR008C
r_3053,YMR006C
r_3053,YMR008C
r_3054,YMR006C
r_3054,YMR008C
r_3055,YMR006C
r_3055,YMR008C
r_3056,YMR006C
r_3056,YMR008C
r_3057,YMR006C
r_3057,YMR008C
r_3058,YOL011W
r_3058,YMR006C
r_3059,YOL011W
r_3059,YMR006C
r_3060,YOL011W
r_3060,YMR006C
r_3061,YOL011W
r_3061,YMR006C
r_3062,YOL011W
r_3062,YMR006C
r_3063,YOL011W
r_3063,YMR006C
r_3064,YOL011W
r_3064,YMR006C
r_3065,YOL011W
r_3065,YMR006C
r_3066,YOL011W
r_3066,YMR006C
r_3067,YOL011W
r_3067,YMR006C
r_3068,YOL011W
r_3068,YMR006C
r_3069,YOL011W
r_3069,YMR006C
r_3070,YOL011W
r_3071,YOL011W
r_3072,YOL011W
r_3073,YOL011W
r_3074,YOL011W
r_3075,YOL011W
r_3076,YOL011W
r_3077,YOL011W
r_3078,YOL011W
r_3079,YOL011W
r_3080,YOL011W
r_3081,YOL011W
r_3082,YPL268W
r_3083,YPL268W
r_3084,YPL268W
r_3085,YPL268W
r_3086,YPL268W
r_3087,YPL268W
r_3088,YPL268W
r_3089,YPL268W
r_3090,YPL268W
r_3091,YPL268W
r_3092,YPL268W
r_3093,YPL268W
r_3094,YPL268W
r_3095,YPL268W
r_3096,YPL268W
r_3097,YPL268W
r_3098,YPL206C
r_3099,YPL206C
r_3100,YPL206C
r_3101,YPL206C
r_3102,YPL206C
r_3103,YPL206C
r_3104,YKR031C
r_3105,YKR031C
r_3106,YKR031C
r_3107,YKR031C
r_3108,YKR031C
r_3109,YKR031C
r_3110,YKR031C
r_3111,YKR031C
r_3112,YOR109W
r_3112,YNL106C
r_3113,YOR109W
r_3113,YNL106C
r_3114,YOR109W
r_3114,YNL106C
r_3115,YOR109W
r_3115,YNL106C
r_3116,YOR109W
r_3116,YNL106C
r_3117,YOR109W
r_3117,YNL106C
r_3118,YOR109W
r_3118,YNL106C
r_3119,YOR109W
r_3119,YNL106C
r_3120,YOR109W
r_3120,YJR110W
r_3120,YNL106C
r_3121,YOR109W
r_3121,YJR110W
r_3121,YNL106C
r_3122,YOR109W
r_3122,YJR110W
r_3122,YNL106C
r_3123,YOR109W
r_3123,YJR110W
r_3123,YNL106C
r_3124,YOR109W
r_3124,YJR110W
r_3124,YNL106C
r_3125,YOR109W
r_3125,YJR110W
r_3125,YNL106C
r_3126,YOR109W
r_3126,YJR110W
r_3126,YNL106C
r_3127,YOR109W
r_3127,YJR110W
r_3127,YNL106C
r_3128,YKL212W
r_3129,YKL212W
r_3130,YKL212W
r_3131,YKL212W
r_3132,YKL212W
r_3133,YKL212W
r_3134,YKL212W
r_3135,YKL212W
r_3136,YKL212W
r_3137,YKL212W
r_3138,YKL212W
r_3139,YKL212W
r_3140,YKL212W
r_3141,YKL212W
r_3142,YKL212W
r_3143,YKL212W
r_3144,YOR109W
r_3144,YNL106C
r_3145,YOR109W
r_3145,YNL106C
r_3146,YOR109W
r_3146,YNL106C
r_3147,YOR109W
r_3147,YNL106C
r_3148,YOR109W
r_3148,YNL106C
r_3149,YOR109W
r_3149,YNL106C
r_3150,YOR109W
r_3150,YNL106C
r_3151,YOR109W
r_3151,YNL106C
r_3152,YOR109W
r_3152,YNL106C
r_3153,YOR109W
r_3153,YNL106C
r_3154,YOR109W
r_3154,YNL106C
r_3155,YOR109W
r_3155,YNL106C
r_3156,YOR109W
r_3156,YNL106C
r_3157,YOR109W
r_3157,YNL106C
r_3158,YOR109W
r_3158,YNL106C
r_3159,YOR109W
r_3159,YNL106C
r_3160,YKL212W
r_3161,YKL212W
r_3162,YKL212W
r_3163,YKL212W
r_3164,YKL212W
r_3165,YKL212W
r_3166,YKL212W
r_3167,YKL212W
r_3168,YKL212W
r_3169,YKL212W
r_3170,YKL212W
r_3171,YKL212W
r_3172,YKL212W
r_3173,YKL212W
r_3174,YKL212W
r_3175,YKL212W
r_3176,YOR109W
r_3176,YNL106C
r_3177,YOR109W
r_3177,YNL106C
r_3178,YOR109W
r_3178,YNL106C
r_3179,YOR109W
r_3179,YNL106C
r_3180,YOR109W
r_3180,YNL106C
r_3181,YOR109W
r_3181,YNL106C
r_3182,YOR109W
r_3182,YNL106C
r_3183,YOR109W
r_3183,YNL106C
r_3184,YOR109W
r_3184,YNL106C
r_3185,YOR109W
r_3185,YNL106C
r_3186,YOR109W
r_3186,YNL106C
r_3187,YOR109W
r_3187,YNL106C
r_3188,YOR109W
r_3188,YNL106C
r_3189,YOR109W
r_3189,YNL106C
r_3190,YOR109W
r_3190,YNL106C
r_3191,YOR109W
r_3191,YNL106C
r_3192,YIL002C
r_3192,YOR109W
r_3192,YNL106C
r_3193,YIL002C
r_3193,YOR109W
r_3193,YNL106C
r_3194,YIL002C
r_3194,YOR109W
r_3194,YNL106C
r_3195,YIL002C
r_3195,YOR109W
r_3195,YNL106C
r_3196,YIL002C
r_3196,YOR109W
r_3196,YNL106C
r_3197,YIL002C
r_3197,YOR109W
r_3197,YNL106C
r_3198,YIL002C
r_3198,YOR109W
r_3198,YNL106C
r_3199,YIL002C
r_3199,YOR109W
r_3199,YNL106C
r_3200,YIL002C
r_3200,YOR109W
r_3200,YNL106C
r_3201,YIL002C
r_3201,YOR109W
r_3201,YNL106C
r_3202,YIL002C
r_3202,YOR109W
r_3202,YNL106C
r_3203,YIL002C
r_3203,YOR109W
r_3203,YNL106C
r_3204,YIL002C
r_3204,YOR109W
r_3204,YNL106C
r_3205,YIL002C
r_3205,YOR109W
r_3205,YNL106C
r_3206,YIL002C
r_3206,YOR109W
r_3206,YNL106C
r_3207,YIL002C
r_3207,YOR109W
r_3207,YNL106C
r_3208,YOL065C
r_3209,YOL065C
r_3210,YOL065C
r_3211,YOL065C
r_3212,YOL065C
r_3213,YOL065C
r_3214,YOL065C
r_3215,YOL065C
r_3216,YFR021W
r_3216,YNL054W
r_3216,YLR386W
r_3216,YFR019W
r_3216,YNL325C
r_3217,YFR021W
r_3217,YNL054W
r_3217,YLR386W
r_3217,YFR019W
r_3217,YNL325C
r_3218,YFR021W
r_3218,YNL054W
r_3218,YLR386W
r_3218,YFR019W
r_3218,YNL325C
r_3219,YFR021W
r_3219,YNL054W
r_3219,YLR386W
r_3219,YFR019W
r_3219,YNL325C
r_3220,YFR021W
r_3220,YNL054W
r_3220,YLR386W
r_3220,YFR019W
r_3220,YNL325C
r_3221,YFR021W
r_3221,YNL054W
r_3221,YLR386W
r_3221,YFR019W
r_3221,YNL325C
r_3222,YFR021W
r_3222,YNL054W
r_3222,YLR386W
r_3222,YFR019W
r_3222,YNL325C
r_3223,YFR021W
r_3223,YNL054W
r_3223,YLR386W
r_3223,YFR019W
r_3223,YNL325C
r_3224,YDR284C
r_3225,YDR284C
r_3226,YDR284C
r_3227,YDR284C
r_3228,YDR284C
r_3229,YDR284C
r_3230,YDR284C
r_3231,YDR284C
r_3232,YDR503C
r_3233,YDR503C
r_3234,YDR503C
r_3235,YDR503C
r_3236,YDR503C
r_3237,YDR503C
r_3238,YDR503C
r_3239,YDR503C
r_3240,YER037W
r_3241,YER037W
r_3242,YER037W
r_3243,YER037W
r_3244,YDR284C
r_3245,YDR284C
r_3246,YDR284C
r_3247,YDR284C
r_3248,YDR503C
r_3249,YDR503C
r_3250,YDR503C
r_3251,YDR503C
r_3252,YKL140W
r_3252,YLL012W
r_3253,YKL140W
r_3253,YLL012W
r_3254,YLL012W
r_3255,YLL012W
r_3256,YLL012W
r_3257,YLL012W
r_3258,YLL012W
r_3259,YLL012W
r_3260,YLL012W
r_3261,YLL012W
r_3262,YLR020C
r_3263,YLR020C
r_3264,YOR081C
r_3264,YCR068W
r_3264,YMR313C
r_3264,YBR204C
r_3264,YKR089C
r_3265,YOR081C
r_3265,YBR204C
r_3265,YMR313C
r_3265,YKR089C
r_3266,YOR081C
r_3266,YBR204C
r_3266,YMR313C
r_3266,YKR089C
r_3267,YOR081C
r_3267,YBR204C
r_3267,YMR313C
r_3267,YKR089C
r_3268,YOR081C
r_3268,YBR204C
r_3268,YMR313C
r_3268,YKR089C
r_3269,YOR081C
r_3269,YBR204C
r_3269,YMR313C
r_3269,YKR089C
r_3270,YOR081C
r_3270,YBR204C
r_3270,YMR313C
r_3270,YKR089C
r_3271,YOR081C
r_3271,YBR204C
r_3271,YMR313C
r_3271,YKR089C
r_3272,YOR081C
r_3272,YBR204C
r_3272,YMR313C
r_3272,YKR089C
r_3273,YOR081C
r_3273,YBR204C
r_3273,YMR313C
r_3273,YKR089C
r_3274,YOR081C
r_3274,YBR204C
r_3274,YMR313C
r_3274,YKR089C
r_3275,YOR081C
r_3275,YBR204C
r_3275,YMR313C
r_3275,YKR089C
r_3276,YOR081C
r_3276,YBR204C
r_3276,YMR313C
r_3276,YKR089C
r_3277,YOR081C
r_3277,YBR204C
r_3277,YMR313C
r_3277,YKR089C
r_3278,YOR081C
r_3278,YBR204C
r_3278,YMR313C
r_3278,YKR089C
r_3279,YOR081C
r_3279,YBR204C
r_3279,YMR313C
r_3279,YKR089C
r_3280,YOR081C
r_3280,YBR204C
r_3280,YMR313C
r_3280,YKR089C
r_3281,YOR081C
r_3281,YBR204C
r_3281,YMR313C
r_3281,YKR089C
r_3282,YOR081C
r_3282,YBR204C
r_3282,YMR313C
r_3282,YKR089C
r_3283,YOR081C
r_3283,YBR204C
r_3283,YMR313C
r_3283,YKR089C
r_3284,YOR081C
r_3284,YBR204C
r_3284,YMR313C
r_3284,YKR089C
r_3285,YOR081C
r_3285,YBR204C
r_3285,YMR313C
r_3285,YKR089C
r_3286,YOR081C
r_3286,YBR204C
r_3286,YMR313C
r_3286,YKR089C
r_3287,YOR081C
r_3287,YBR204C
r_3287,YMR313C
r_3287,YKR089C
r_3288,YOR081C
r_3288,YBR204C
r_3288,YMR313C
r_3288,YKR089C
r_3289,YOR081C
r_3289,YBR204C
r_3289,YMR313C
r_3289,YKR089C
r_3290,YOR081C
r_3290,YBR204C
r_3290,YMR313C
r_3290,YKR089C
r_3291,YOR081C
r_3291,YBR204C
r_3291,YMR313C
r_3291,YKR089C
r_3292,YOR081C
r_3292,YBR204C
r_3292,YMR313C
r_3292,YKR089C
r_3293,YOR081C
r_3293,YBR204C
r_3293,YMR313C
r_3293,YKR089C
r_3294,YOR081C
r_3294,YBR204C
r_3294,YMR313C
r_3294,YKR089C
r_3295,YOR081C
r_3295,YBR204C
r_3295,YMR313C
r_3295,YKR089C
r_3296,YMR313C
r_3297,YCR068W
r_3297,YMR313C
r_3298,YMR313C
r_3299,YMR313C
r_3300,YMR313C
r_3301,YMR313C
r_3302,YMR313C
r_3303,YMR313C
r_3304,YDR058C
r_3305,YDR058C
r_3306,YDR058C
r_3307,YDR058C
r_3308,YKL094W
r_3309,YKL094W
r_3310,YKL094W
r_3311,YKL094W
r_3312,YMR313C
r_3313,YMR313C
r_3314,YMR313C
r_3315,YMR313C
r_3316,YKR089C
r_3317,YKR089C
r_3318,YKR089C
r_3319,YKR089C
r_3320,YKR089C
r_3321,YKR089C
r_3322,YKR089C
r_3323,YKR089C
r_3324,YKR089C
r_3325,YKR089C
r_3326,YKR089C
r_3327,YKR089C
r_3328,YKR089C
r_3329,YKR089C
r_3330,YKR089C
r_3331,YKR089C
r_3348,YDR072C
r_3349,YDR072C
r_3350,YDR072C
r_3351,YDR072C
r_3352,YDR072C
r_3353,YDR072C
r_3354,YDR072C
r_3355,YDR072C
r_3356,YDR072C
r_3357,YDR072C
r_3358,YDR072C
r_3359,YDR072C
r_3360,YDR072C
r_3361,YDR072C
r_3362,YDR072C
r_3363,YDR072C
r_3364,YDR072C
r_3365,YDR072C
r_3366,YDR072C
r_3367,YDR072C
r_3368,YDR072C
r_3369,YDR072C
r_3370,YDR072C
r_3371,YDR072C
r_3372,YDR072C
r_3373,YDR072C
r_3374,YDR072C
r_3375,YDR072C
r_3376,YDR072C
r_3377,YDR072C
r_3378,YDR072C
r_3379,YDR072C
r_3380,YDR072C
r_3381,YDR072C
r_3382,YDR072C
r_3383,YDR072C
r_3384,YDR072C
r_3385,YDR072C
r_3386,YDR072C
r_3387,YDR072C
r_3388,YDR072C
r_3389,YDR072C
r_3390,YDR072C
r_3391,YDR072C
r_3392,YDR072C
r_3393,YDR072C
r_3394,YDR072C
r_3395,YDR072C
r_3396,YDR072C
r_3397,YDR072C
r_3398,YDR072C
r_3399,YDR072C
r_3400,YDR072C
r_3401,YDR072C
r_3402,YDR072C
r_3403,YDR072C
r_3404,YDR072C
r_3405,YDR072C
r_3406,YDR072C
r_3407,YDR072C
r_3408,YDR072C
r_3409,YDR072C
r_3410,YDR072C
r_3411,YDR072C
r_3412,YDR072C
r_3413,YDR072C
r_3414,YDR072C
r_3415,YDR072C
r_3416,YDR072C
r_3417,YDR072C
r_3418,YDR072C
r_3419,YDR072C
r_3420,YDR072C
r_3421,YDR072C
r_3422,YDR072C
r_3423,YDR072C
r_3424,YDR072C
r_3425,YDR072C
r_3426,YDR072C
r_3427,YDR072C
r_3428,YDR367W
r_3428,YKL004W
r_3429,YDR367W
r_3429,YKL004W
r_3430,YDR367W
r_3430,YKL004W
r_3431,YDR367W
r_3431,YKL004W
r_3432,YDR367W
r_3432,YKL004W
r_3433,YDR367W
r_3433,YKL004W
r_3434,YDR367W
r_3434,YKL004W
r_3435,YDR367W
r_3435,YKL004W
r_3436,YDR367W
r_3436,YKL004W
r_3437,YDR367W
r_3437,YKL004W
r_3438,YDR367W
r_3438,YKL004W
r_3439,YDR367W
r_3439,YKL004W
r_3440,YDR367W
r_3440,YKL004W
r_3441,YDR367W
r_3441,YKL004W
r_3442,YDR367W
r_3442,YKL004W
r_3443,YDR367W
r_3443,YKL004W
r_3444,YDR367W
r_3444,YKL004W
r_3445,YDR367W
r_3445,YKL004W
r_3446,YDR367W
r_3446,YKL004W
r_3447,YDR367W
r_3447,YKL004W
r_3448,YDR367W
r_3448,YKL004W
r_3449,YDR367W
r_3449,YKL004W
r_3450,YDR367W
r_3450,YKL004W
r_3451,YDR367W
r_3451,YKL004W
r_3452,YDR367W
r_3452,YKL004W
r_3453,YDR367W
r_3453,YKL004W
r_3454,YDR367W
r_3454,YKL004W
r_3455,YDR367W
r_3455,YKL004W
r_3456,YDR367W
r_3456,YKL004W
r_3457,YDR367W
r_3457,YKL004W
r_3458,YDR367W
r_3458,YKL004W
r_3459,YDR367W
r_3459,YKL004W
r_3460,YDR367W
r_3460,YKL004W
r_3461,YDR367W
r_3461,YKL004W
r_3462,YDR367W
r_3462,YKL004W
r_3463,YDR367W
r_3463,YKL004W
r_3464,YDR367W
r_3464,YKL004W
r_3465,YDR367W
r_3465,YKL004W
r_3466,YDR367W
r_3466,YKL004W
r_3467,YDR367W
r_3467,YKL004W
r_3468,YDR367W
r_3468,YKL004W
r_3469,YDR367W
r_3469,YKL004W
r_3470,YDR367W
r_3470,YKL004W
r_3471,YDR367W
r_3471,YKL004W
r_3472,YDR367W
r_3472,YKL004W
r_3473,YDR367W
r_3473,YKL004W
r_3474,YDR367W
r_3474,YKL004W
r_3475,YDR367W
r_3475,YKL004W
r_3476,YDR367W
r_3476,YKL004W
r_3477,YDR367W
r_3477,YKL004W
r_3478,YDR367W
r_3478,YKL004W
r_3479,YDR367W
r_3479,YKL004W
r_3480,YDR367W
r_3480,YKL004W
r_3481,YDR367W
r_3481,YKL004W
r_3482,YDR367W
r_3482,YKL004W
r_3483,YDR367W
r_3483,YKL004W
r_3484,YDR367W
r_3484,YKL004W
r_3485,YDR367W
r_3485,YKL004W
r_3486,YDR367W
r_3486,YKL004W
r_3487,YDR367W
r_3487,YKL004W
r_3488,YDR367W
r_3488,YKL004W
r_3489,YDR367W
r_3489,YKL004W
r_3490,YDR367W
r_3490,YKL004W
r_3491,YDR367W
r_3491,YKL004W
r_3492,YDR367W
r_3492,YKL004W
r_3493,YDR367W
r_3493,YKL004W
r_3494,YDR367W
r_3494,YKL004W
r_3495,YDR367W
r_3495,YKL004W
r_3496,YDR367W
r_3496,YKL004W
r_3497,YDR367W
r_3497,YKL004W
r_3498,YDR367W
r_3498,YKL004W
r_3499,YDR367W
r_3499,YKL004W
r_3500,YDR367W
r_3500,YKL004W
r_3501,YDR367W
r_3501,YKL004W
r_3502,YDR367W
r_3502,YKL004W
r_3503,YDR367W
r_3503,YKL004W
r_3504,YDR367W
r_3504,YKL004W
r_3505,YDR367W
r_3505,YKL004W
r_3506,YDR367W
r_3506,YKL004W
r_3507,YDR367W
r_3507,YKL004W
r_3526,YPR192W
r_3526,YLL052C
r_3545,YKR039W
r_3604,YLL053C
r_3604,YPR192W
r_3604,YLL052C
r_3605,YML123C
r_3605,YCR037C
r_3605,YJL198W
r_3606,YCR098C
r_3607,YCR098C
r_3649,YNR013C
r_3680,YHR002W
r_3813,YIL048W
r_3813,YMR162C
r_3814,YIL048W
r_3814,YMR162C
r_3815,YIL048W
r_3815,YMR162C
r_3816,YIL048W
r_3816,YMR162C
r_3817,YIL048W
r_3817,YMR162C
r_3818,YIL048W
r_3818,YMR162C
r_3819,YIL048W
r_3819,YMR162C
r_3820,YIL048W
r_3820,YMR162C
r_3821,YAL026C
r_3822,YAL026C
r_3823,YAL026C
r_3824,YAL026C
r_3825,YAL026C
r_3826,YAL026C
r_3827,YAL026C
r_3828,YAL026C
r_3885,YAL026C
r_3886,YAL026C
r_3887,YAL026C
r_3888,YAL026C
r_3889,YAL026C
r_3890,YAL026C
r_3891,YAL026C
r_3892,YAL026C
r_3893,YIL048W
r_3894,YIL048W
r_3895,YIL048W
r_3896,YIL048W
r_3897,YIL048W
r_3898,YIL048W
r_3899,YIL048W
r_3900,YIL048W
r_3959,YBR192W
r_3960,YBR192W
r_3961,YER053C
r_3961,YJR077C
r_4039,YBL015W
r_4045,YDR400W
r_4152,YKL087C
r_4152,YAL039C
r_4153,YAL061W
r_4154,YAL061W
r_4155,YBL080C
r_4156,YBL091C
r_4156,YLR244C
r_4157,YBR022W
r_4157,YMR087W
r_4158,YBR046C
r_4159,YBR070C
r_4159,YGL047W
r_4160,YBR111C
r_4161,YDR352W
r_4161,YBR147W
r_4162,YDR352W
r_4162,YBR147W
r_4163,YDR352W
r_4163,YBR147W
r_4164,YBR222C
r_4165,YBR229C
r_4166,YBR229C
r_4167,YBR235W
r_4168,YBR241C
r_4169,YBR241C
r_4170,YBR243C
r_4171,YNL191W
r_4171,YBR281C
r_4172,YBR295W
r_4173,YCL017C
r_4174,YCR011C
r_4175,YDL243C
r_4175,YNL331C
r_4175,YOL165C
r_4175,YJR155W
r_4175,YPL088W
r_4175,YCR107W
r_4176,YDL243C
r_4176,YNL331C
r_4176,YOL165C
r_4176,YJR155W
r_4176,YPL088W
r_4176,YCR107W
r_4177,YDL243C
r_4177,YNL331C
r_4177,YOL165C
r_4177,YJR155W
r_4177,YPL088W
r_4177,YCR107W
r_4178,YDL243C
r_4178,YNL331C
r_4178,YOL165C
r_4178,YJR155W
r_4178,YPL088W
r_4178,YCR107W
r_4179,YDL243C
r_4179,YNL331C
r_4179,YOL165C
r_4179,YJR155W
r_4179,YPL088W
r_4179,YCR107W
r_4180,YDL243C
r_4180,YNL331C
r_4180,YOL165C
r_4180,YJR155W
r_4180,YPL088W
r_4180,YCR107W
r_4181,YEL031W
r_4183,YNR073C
r_4183,YEL070W
r_4184,YER010C
r_4185,YER010C
r_4186,YER042W
r_4187,YER087W
r_4188,YER163C
r_4189,YHL018W
r_4190,YHR008C
r_4191,YHR044C
r_4191,YHR043C
r_4192,YHR109W
r_4193,YDR440W
r_4193,YHR119W
r_4193,YJL168C
r_4194,YIL023C
r_4195,YMR243C
r_4195,YOR316C
r_4196,YIL043C
r_4196,YML125C
r_4197,YIL043C
r_4197,YML125C
r_4197,YKL150W
r_4198,YIR036C
r_4199,YIR038C
r_4200,YKR076W
r_4200,YMR251W
r_4201,YLL060C
r_4202,YKL069W
r_4203,YKL103C
r_4204,YKL103C
r_4205,YKL215C
r_4206,YKL218C
r_4207,YGR154C
r_4208,YKR076W
r_4209,YGR154C
r_4210,YNL335W
r_4210,YFL061W
r_4211,YFL060C
r_4211,YNL334C
r_4212,YFL059W
r_4212,YNL333W
r_4214,YFR044C
r_4215,YFR044C
r_4216,YDL024C
r_4217,YDL120W
r_4218,YDL219W
r_4219,YDL219W
r_4220,YDL236W
r_4221,YDL246C
r_4222,YDR009W
r_4223,YDR036C
r_4224,YDR038C
r_4224,YDR039C
r_4224,YDR040C
r_4225,YOL075C
r_4225,YDR051C
r_4226,YDR111C
r_4227,YDR242W
r_4228,YDR242W
r_4230,YDR242W
r_4231,YDR242W
r_4232,YDR248C
r_4233,YDR410C
r_4234,YNL038W
r_4234,YGR216C
r_4234,YPL096C-A
r_4234,YPL175W
r_4234,YPL076W
r_4234,YDR437W
r_4236,YOR391C
r_4236,YMR322C
r_4236,YPL280W
r_4236,YDR533C
r_4237,YGL006W
r_4238,YGL167C
r_4239,YGL017W
r_4241,YGL027C
r_4242,YGL038C
r_4243,YGL065C
r_4244,YGL065C
r_4245,YGL156W
r_4246,YGL156W
r_4247,YGL169W
r_4248,YGL196W
r_4249,YGR012W
r_4250,YGR036C
r_4251,YGR046W
r_4252,YGR144W
r_4253,YGR227W
r_4254,YGR234W
r_4255,YGR234W
r_4256,YJL046W
r_4258,YJL046W
r_4260,YJL126W
r_4261,YJL126W
r_4262,YJL200C
r_4263,YJR040W
r_4264,YJR051W
r_4265,YJR069C
r_4266,YJR069C
r_4267,YJR069C
r_4268,YJR069C
r_4269,YJR069C
r_4270,YJR104C
r_4271,YJR131W
r_4271,YLR057W
r_4272,YJR131W
r_4272,YLR057W
r_4273,YJR149W
r_4274,YLL058W
r_4274,YML082W
r_4275,YLR047C
r_4275,YOR381W
r_4275,YOR384W
r_4275,YNR060W
r_4275,YOL152W
r_4275,YKL220C
r_4275,YLR214W
r_4276,YLL051C
r_4277,YPR139C
r_4277,YLR099C
r_4278,YLR143W
r_4279,YLR151C
r_4280,YLR239C
r_4281,YLR239C
r_4282,YLR345W
r_4283,YLR446W
r_4284,YLR446W
r_4285,YLR446W
r_4286,YLR446W
r_4287,YLR446W
r_4288,YMR099C
r_4291,YMR110C
r_4292,YMR110C
r_4293,YMR110C
r_4294,YMR110C
r_4295,YMR110C
r_4296,YMR110C
r_4297,YMR110C
r_4298,YMR110C
r_4299,YMR110C
r_4300,YMR110C
r_4301,YMR110C
r_4302,YMR110C
r_4303,YMR110C
r_4304,YMR110C
r_4305,YMR110C
r_4306,YMR110C
r_4307,YMR110C
r_4308,YMR162C
r_4309,YMR210W
r_4310,YNL048W
r_4311,YNL048W
r_4312,YNL092W
r_4313,YNL219C
r_4314,YNL219C
r_4315,YNL274C
r_4316,YNR030W
r_4317,YOL157C
r_4318,YOL157C
r_4319,YOL157C
r_4320,YOR002W
r_4321,YOR067C
r_4322,YOR149C
r_4323,YOR196C
r_4324,YOR196C
r_4325,YPL135W
r_4325,YOR226C
r_4326,YOR251C
r_4326,YOR286W
r_4326,YOR285W
r_4327,YOR334W
r_4327,YPL060W
r_4328,YPL227C
r_4329,YPR003C
r_4330,YPR127W
r_4331,YLR286C
r_4331,YDR371W
r_4332,YOR161C
r_4333,YDR452W
r_4333,YHR201C
r_4334,YDR270W
r_4335,YDR452W
r_4336,YLR351C
r_4337,YMR301C
r_4338,YOL157C
r_4339,YEL004W
r_4340,YEL066W
r_4361,YKR093W
r_4361,YJR152W
r_4372,YGR247W
r_4387,YKR093W
r_4387,YJR152W
r_4388,YGR247W
r_4395,YFL011W
r_4395,YEL069C
r_4395,YHR096C
r_4395,YHR092C
r_4395,YJR158W
r_4395,YJL214W
r_4395,YDR342C
r_4395,YOL156W
r_4395,YNR072W
r_4395,YDR343C
r_4395,YDR345C
r_4395,YHR094C
r_4395,YDL245C
r_4395,YMR011W
r_4395,YJL219W
r_4398,YKR093W
r_4398,YJR152W
r_4400,YGR292W
r_4400,YBR299W
r_4402,YKR093W
r_4402,YJR152W
r_4403,YDR452W
r_4403,YHR201C
r_4404,YKR093W
r_4404,YJR152W
r_4408,YKR093W
r_4408,YJR152W
r_4412,YGR247W
r_4420,YGR292W
r_4420,YBR299W
r_4424,YKR093W
r_4424,YJR152W
r_4429,YKR093W
r_4429,YJR152W
r_4435,YER062C
r_4435,YIL053W
r_4437,YKR093W
r_4437,YJR152W
r_4448,YKR093W
r_4448,YJR152W
r_4457,YDR093W
r_4468,YHR092C
r_4468,YDR342C
r_4469,YKR039W
r_4471,YKR093W
r_4471,YJR152W
r_4473,YKR093W
r_4473,YJR152W
r_4484,YLL058W
r_4484,YML082W
r_4484,YJR130C
r_4493,YNL065W
r_4570,YER081W
r_4570,YIL074C
r_4584,YMR246W
r_4584,YOR317W
r_4584,YER015W
r_4584,YIL009W
r_4587,YOL122C
r_4588,YNL275W
r_4589,YOL122C
r_4590,YOL130W
r_4591,YLR130C
r_4591,YGL255W
r_4592,YGR191W
r_4592,YOL130W
r_4629,YPL095C
r_4629,YBR177C
r_4630,YPL095C
r_4630,YBR177C
r_4631,YPL095C
r_4631,YBR177C
r_4632,YGR177C
r_4632,YOR377W
r_4632,YGR015C
r_4633,YPL095C
r_4633,YBR177C
r_4649,YGR015C
r_4651,YGR087C
r_4651,YLR044C
r_4651,YLR134W
r_4652,YDL168W
r_4652,YOL086C
r_4652,YBR145W
r_4653,YMR083W
r_4653,YGL256W
r_4654,YCR105W
r_4654,YMR318C
r_4654,YDR368W
r_4660,YHR137W
r_4661,YDL168W
r_4661,YOL086C
r_4661,YBR145W
r_4662,YMR083W
r_4662,YGL256W
r_4663,YCR105W
r_4663,YMR318C
r_4663,YDR368W
r_4669,YGR087C
r_4669,YLR044C
r_4669,YLR134W
r_4670,YDL168W
r_4670,YOL086C
r_4670,YBR145W
r_4671,YMR083W
r_4671,YGL256W
r_4672,YCR105W
r_4672,YMR318C
r_4672,YDR368W
r_4678,YMR170C
r_4678,YMR169C
r_4678,YOR374W
r_4679,YMR246W
r_4679,YOR317W
r_4679,YER015W
r_4679,YIL009W
r_4680,YPL095C
r_4680,YBR177C
r_4687,YGR177C
r_4687,YOR377W
r_4687,YGR015C
r_4690,YGR177C
r_4690,YOR377W
r_4690,YGR015C
r_4693,YGR177C
r_4693,YOR377W
r_4693,YGR015C
r_4698,YKL217W
r_4698,YNL065W
r_4700,YIL166C
r_4701,YFR055W
r_4703,YOR251C
r_4704,YIL166C
r_4705,YIL166C
r_4706,YLL057C
r_4711,YOR126C
r_4712,YOR126C
r_4713,YOR126C
r_4714,YOR126C
r_4715,YOR126C
r_4716,YOR126C
r_4717,YOR126C
r_4718,YPL061W
r_4718,YOR374W
r_4719,YPL061W
r_4719,YOR374W
r_4720,YOR126C
r_4721,YOR126C
r_4722,YJL012C
r_4723,YDR452W
r_4723,YHR201C
r_4724,YDR452W
r_4724,YHR201C
r_4725,YDR452W
r_4725,YHR201C
r_4747,YDR020C
r_4747,YNR012W
r_4748,YML070W
r_4748,YFL053W
r_4749,YLR209C
r_4750,YBR019C
r_4751,YEL066W
r_4751,YPR193C
r_4752,YPR069C
r_4752,YLR146C
r_4753,YPL214C
r_4754,YDR538W
r_4755,YEL071W
r_4755,YDL178W
r_4756,YDR400W
r_4757,YDR109C
r_4758,YLR209C
r_4759,YGL067W
r_4760,YER023W
r_4761,YJL060W
r_4762,YDR036C
r_4763,YAL061W
r_4763,YAL060W
r_4764,YPR062W
r_4765,YIR032C
r_4766,YJL005W
r_4767,YJL060W
r_4768,YDR481C
r_4769,YDR305C
r_4770,YKL067W
r_4771,YKL067W
r_4772,YKL067W
r_4773,YKL067W
r_4774,YKL067W
r_4775,YKL067W
r_4776,YKL067W
r_4777,YKL067W
r_4778,YKL067W
